Sr. No.,DISTRICT,MUNICIP ALITY,WARD NO.,WARD CATEG.,NAME,PARTY,ELECTED CANDIDATE (MALE/ FEMALE),"ELECTED CANDIDATE BELONGS WHICH CATEG. WHETHER GEN, SC, ST, OBC"
1,AJMER,BEAWER,1,GENW,HEMLATA AGARWAL,INC,FEMALE,GENW
2,AJMER,BEAWER,2,GENW,KANTA,BJP,FEMALE,OBCW
3,AJMER,BEAWER,3,GEN,SURENDRA YADAV,INC,MALE,OBC
4,AJMER,BEAWER,4,SCW,MUMA DEVI,INC,FEMALE,SCW
5,AJMER,BEAWER,5,OBC,DANNA SINGH,INC,MALE,OBC
6,AJMER,BEAWER,6,GEN,DEEP SINGH KATHAT,INC,MALE,GEN
7,AJMER,BEAWER,7,GENW,SURENDRA KAUR,BJP,FEMALE,GENW
8,AJMER,BEAWER,8,SCW,SHASHI CHANWARIA,BJP,FEMALE,SCW
9,AJMER,BEAWER,9,GEN,RAJESH SHARMA,INC,MALE,GEN
10,AJMER,BEAWER,10,SC,RAMCHANDRA,INC,MALE,SC
11,AJMER,BEAWER,11,GENW,MANJU DEVI,BJP,FEMALE,GENW
12,AJMER,BEAWER,12,GENW,ANITA SHARMA,BJP,FEMALE,GENW
13,AJMER,BEAWER,13,GEN,TARA MAHESHWARI,INC,FEMALE,GENW
14,AJMER,BEAWER,14,GEN,A MAZID,BJP,MALE,OBC
15,AJMER,BEAWER,15,OBCW,PUSHPA KANWAR,BJP,FEMALE,OBCW
16,AJMER,BEAWER,16,GENW,PRITI,BJP,FEMALE,GENW
17,AJMER,BEAWER,17,GEN,ASHOK KUMAR,BJP,MALE,GEN
18,AJMER,BEAWER,18,GEN,MUKESH SOLANKI,INC,MALE,OBC
19,AJMER,BEAWER,19,GENW,SADHNA,IND,FEMALE,GENW
20,AJMER,BEAWER,20,SCW,VIMLA,INC,FEMALE,SCW
21,AJMER,BEAWER,21,GEN,BHANWAR LAL OSTWAL,INC,MALE,GEN
22,AJMER,BEAWER,22,GEN,KAILASH,BJP,MALE,OBC
23,AJMER,BEAWER,23,SC,LEKHRAJ,IND,MALE,SC
24,AJMER,BEAWER,24,SC,RAJENDRA,INC,MALE,SC
25,AJMER,BEAWER,25,GENW,BHANWARI DEVI,IND,FEMALE,OBCW
26,AJMER,BEAWER,26,GEN,GYANDEV JHANWAR,BJP,MALE,GEN
27,AJMER,BEAWER,27,GENW,BRIJBALA,BJP,FEMALE,OBCW
28,AJMER,BEAWER,28,GEN,DEVIDAS,BJP,MALE,OBC
29,AJMER,BEAWER,29,OBC,DALPATRAJ MEWARA,INC,MALE,OBC
30,AJMER,BEAWER,30,OBCW,KAMLA DEVI RAWAT,INC,FEMALE,OBCW
31,AJMER,BEAWER,31,SC,SHANTI LAL,INC,MALE,SC
32,AJMER,BEAWER,32,SCW,KAMALA DEVI,BJP,FEMALE,SCW
33,AJMER,BEAWER,33,GEN,BIRDA SINGH,INC,MALE,OBC
34,AJMER,BEAWER,34,GENW,LEELA DEVI,INC,FEMALE,OBCW
35,AJMER,BEAWER,35,GEN,HAMEER SINGH,INC,MALE,GEN
36,AJMER,BEAWER,36,GENW,SHARDA HARKUT,BJP,FEMALE,GENW
37,AJMER,BEAWER,37,OBC,KANHAIYA LAL,BJP,MALE,OBC
38,AJMER,BEAWER,38,OBC,GANPAT SINGH MUGDHESH,BJP,MALE,OBC
39,AJMER,BEAWER,39,GENW,DHANNI BEGHAM,INC,FEMALE,OBCW
40,AJMER,BEAWER,40,OBCW,RENU DAGDI,BJP,FEMALE,OBCW
41,AJMER,BEAWER,41,GENW,HEM LATA PRAJAPATI,INC,FEMALE,OBCW
42,AJMER,BEAWER,42,GEN,DINESH BHATI,BJP,MALE,OBC
43,AJMER,BEAWER,43,SC,SAMPATI,INC,FEMALE,SCW
44,AJMER,BEAWER,44,OBCW,RAJESHWARI,BJP,FEMALE,OBCW
45,AJMER,BEAWER,45,OBC,SUBHASH CHOUDHARY,INC,MALE,OBC
46,AJMER,PUSHKAR,1,SC,SUBHASHCHAND,INC,MALE,SC
47,AJMER,PUSHKAR,2,SC,HARISH CHANDRA,INC,MALE,SC
48,AJMER,PUSHKAR,3,GENW,SARIKA,BJP,FEMALE,OBCW
49,AJMER,PUSHKAR,4,GENW,SUNITA,INC,FEMALE,GENW
50,AJMER,PUSHKAR,5,GENW,PARWATI,BJP,FEMALE,GENW
51,AJMER,PUSHKAR,6,GENW,MANJU,INC,FEMALE,GENW
52,AJMER,PUSHKAR,7,GEN,MAHESH KUMAR,BJP,MALE,GEN
53,AJMER,PUSHKAR,8,SCW,MANJU DEVI,IND,FEMALE,SCW
54,AJMER,PUSHKAR,9,GENW,KUMUDNI,INC,FEMALE,GENW
55,AJMER,PUSHKAR,10,GEN,TIKAM SHARMA,INC,MALE,GEN
56,AJMER,PUSHKAR,11,OBC,JAINARAYAN DADGI,BJP,MALE,OBC
57,AJMER,PUSHKAR,12,GEN,SHIV SWAROOP MAHARSHI,BJP,MALE,GEN
58,AJMER,PUSHKAR,13,GENW,DEEPA JAKHETIA,BJP,FEMALE,GENW
59,AJMER,PUSHKAR,14,GEN,SHAKTI SINGH SHEKHAWAT,BJP,MALE,GEN
60,AJMER,PUSHKAR,15,GEN,PUSHKAR NARAYAN BHATI,BJP,MALE,OBC
61,AJMER,PUSHKAR,16,OBCW,CHAMPA DEVI,INC,FEMALE,OBCW
62,AJMER,PUSHKAR,17,OBC,BUDHA SINGH,IND,MALE,OBC
63,AJMER,PUSHKAR,18,GEN,BUDHA,BJP,MALE,OBC
64,AJMER,PUSHKAR,19,OBCW,BAKTI,INC,FEMALE,OBCW
65,AJMER,PUSHKAR,20,SCW,KAMLA,INC,FEMALE,SCW
66,ALWAR,ALWAR,1,GENW,VINITA GARG,BJP,FEMALE,GENW
67,ALWAR,ALWAR,2,OBCW,SHANTI DEVI,IND,FEMALE,OBCW
68,ALWAR,ALWAR,3,OBC,SUSHIL KUMAR,BJP,MALE,OBC
69,ALWAR,ALWAR,4,SC,PRASHANT KHOWAL,BJP,MALE,SC
70,ALWAR,ALWAR,5,SCW,ASHA DEVI,IND,FEMALE,SCW
71,ALWAR,ALWAR,6,SC,DULI CHAND JATAV,BJP,MALE,SC
72,ALWAR,ALWAR,7,GENW,REKHA,IND,FEMALE,GENW
73,ALWAR,ALWAR,8,OBC,SUNIL CHAUDHARY,IND,MALE,OBC
74,ALWAR,ALWAR,9,OBC,RAMJI LAL SHARMA,BJP,MALE,OBC
75,ALWAR,ALWAR,10,GEN,GOVIND,BJP,MALE,GEN
76,ALWAR,ALWAR,11,OBCW,BHAGWATI SAINI,IND,FEMALE,OBCW
77,ALWAR,ALWAR,12,GENW,HEMLATA KHANDELWAL,BJP,FEMALE,GENW
78,ALWAR,ALWAR,13,OBCW,MEENA CHHIPI,BJP,FEMALE,OBCW
79,ALWAR,ALWAR,14,GENW,RAJDULARI SHARMA,BJP,FEMALE,GENW
80,ALWAR,ALWAR,15,GEN,VIMAL KUMAR JAIN,BJP,MALE,GEN
81,ALWAR,ALWAR,16,GEN,NAVEEN KHANDELWAL,BJP,MALE,GEN
82,ALWAR,ALWAR,17,GENW,RASHMI,IND,FEMALE,GENW
83,ALWAR,ALWAR,18,GEN,AJAY KUMAR,IND,MALE,OBC
84,ALWAR,ALWAR,19,SC,RAMOTAR,INC,MALE,SC
85,ALWAR,ALWAR,20,GEN,NAND LAL GANDHI,INC,MALE,GEN
86,ALWAR,ALWAR,21,GENW,GORI DEVI,BJP,FEMALE,GENW
87,ALWAR,ALWAR,22,SCW,RENU,IND,FEMALE,SCW
88,ALWAR,ALWAR,23,ST,DHARMENDRA,IND,MALE,ST
89,ALWAR,ALWAR,24,GENW,HARPREET KAUR,BJP,FEMALE,GENW
90,ALWAR,ALWAR,25,OBC,SITA RAM,BJP,MALE,OBC
91,ALWAR,ALWAR,26,OBC,RAMAN KUMAR,INC,MALE,OBC
92,ALWAR,ALWAR,27,GENW,LAXMI KANWAR,BJP,FEMALE,GENW
93,ALWAR,ALWAR,28,GENW,JEET KAUR,INC,FEMALE,OBCW
94,ALWAR,ALWAR,29,GEN,GHANSHYAM GUPTA,BJP,MALE,GEN
95,ALWAR,ALWAR,30,GEN,KAMLESH,INC,FEMALE,OBCW
96,ALWAR,ALWAR,31,STW,DEEP SHIKHA,IND,FEMALE,STW
97,ALWAR,ALWAR,32,GEN,JAGDISH PRASAD,INC,MALE,GEN
98,ALWAR,ALWAR,33,GEN,FATEH SINGH,INC,MALE,OBC
99,ALWAR,ALWAR,34,GENW,GYARSHI,IND,FEMALE,SCW
100,ALWAR,ALWAR,35,GEN,MUKESH KUMAR,BJP,MALE,GEN
101,ALWAR,ALWAR,36,GENW,KAVITA SAIN,IND,FEMALE,OBCW
102,ALWAR,ALWAR,37,GEN,BRIJBHUSHAN GANDHI,BJP,MALE,GEN
103,ALWAR,ALWAR,38,GEN,PURUSHOTAM LAL,IND,MALE,GEN
104,ALWAR,ALWAR,39,SCW,SHAKUNTLA W/O RAMESH CHANDRA,BJP,FEMALE,SCW
105,ALWAR,ALWAR,40,SCW,REKHA,INC,FEMALE,SCW
106,ALWAR,ALWAR,41,OBCW,PHOOL WATI,BJP,FEMALE,OBCW
107,ALWAR,ALWAR,42,GENW,SANTOSH SHARMA,BJP,FEMALE,GENW
108,ALWAR,ALWAR,43,SC,PRAKASH,IND,MALE,SC
109,ALWAR,ALWAR,44,GEN,SUBHASH MITTAL,IND,MALE,GEN
110,ALWAR,ALWAR,45,GEN,SATISH YADAV,BJP,MALE,OBC
111,ALWAR,ALWAR,46,OBCW,DEVINDER KAUR,INC,FEMALE,OBCW
112,ALWAR,ALWAR,47,OBC,JAGDISH KUMAR YADAV,INC,MALE,OBC
113,ALWAR,ALWAR,48,GENW,REENA TIWARI,BJP,FEMALE,GENW
114,ALWAR,ALWAR,49,GEN,ASHOK PATHAK,BJP,MALE,GEN
115,ALWAR,ALWAR,50,GENW,SUNITA (KHAMBRA),BJP,FEMALE,GENW
116,ALWAR,BHIWADI,1,GEN,HAWA SINGH,BJP,MALE,GEN
117,ALWAR,BHIWADI,2,GENW,SHIMLA,BJP,FEMALE,GENW
118,ALWAR,BHIWADI,3,GEN,ROSHNI,IND,FEMALE,GENW
119,ALWAR,BHIWADI,4,GENW,JARINA,IND,FEMALE,OBCW
120,ALWAR,BHIWADI,5,OBC,SUBHASH CHAND,IND,MALE,OBC
121,ALWAR,BHIWADI,6,GEN,PREETEM SINGH,BJP,MALE,GEN
122,ALWAR,BHIWADI,7,SC,LAXMAN LAL,IND,MALE,SC
123,ALWAR,BHIWADI,8,GENW,PREETI AGARWAL,INC,FEMALE,GENW
124,ALWAR,BHIWADI,9,OBC,RAJENDER SINGH,INC,MALE,OBC
125,ALWAR,BHIWADI,10,GENW,CHIDIYA DEVI,INC,FEMALE,GENW
126,ALWAR,BHIWADI,11,GEN,ISHWAR SINGH,BJP,MALE,GEN
127,ALWAR,BHIWADI,12,GEN,RAJBIR SINGH,BSP,MALE,GEN
128,ALWAR,BHIWADI,13,GENW,ANJUM,IND,FEMALE,GENW
129,ALWAR,BHIWADI,14,OBCW,SEEMA,BSP,FEMALE,OBCW
130,ALWAR,BHIWADI,15,GENW,RAJBALA,IND,FEMALE,GENW
131,ALWAR,BHIWADI,16,GENW,SUSHMA KHATANA,IND,FEMALE,GENW
132,ALWAR,BHIWADI,17,GEN,MAHIPAL,INC,MALE,GEN
133,ALWAR,BHIWADI,18,GENW,KAMLESH,BJP,FEMALE,GENW
134,ALWAR,BHIWADI,19,GENW,ANITA VYAS,IND,FEMALE,GENW
135,ALWAR,BHIWADI,20,GENW,MOHINI,INC,FEMALE,OBCW
136,ALWAR,BHIWADI,21,GEN,MOHAN LAL,IND,MALE,SC
137,ALWAR,BHIWADI,22,GEN,NARENDRA PATEL,IND,MALE,OBC
138,ALWAR,BHIWADI,23,SC,KHACHEDU RAM,IND,MALE,SC
139,ALWAR,BHIWADI,24,OBC,PRAVEEN KUMAR,INC,MALE,OBC
140,ALWAR,BHIWADI,25,GENW,SAROJ,BJP,FEMALE,OBCW
141,ALWAR,BHIWADI,26,OBC,VEDPAL,IND,MALE,OBC
142,ALWAR,BHIWADI,27,SCW,BIMLESH,BJP,FEMALE,SCW
143,ALWAR,BHIWADI,28,GENW,ARCHANA TIWARI,BJP,FEMALE,GENW
144,ALWAR,BHIWADI,29,GEN,VIJAY KUMAR,BJP,MALE,GEN
145,ALWAR,BHIWADI,30,GEN,NARENDRA,BJP,MALE,OBC
146,ALWAR,BHIWADI,31,GEN,SURENDRA SINGH,IND,MALE,OBC
147,ALWAR,BHIWADI,32,GEN,JAGDISH,INC,MALE,OBC
148,ALWAR,BHIWADI,33,OBCW,ARSIDA,IND,FEMALE,OBCW
149,ALWAR,BHIWADI,34,OBCW,JUHARI,IND,FEMALE,OBCW
150,ALWAR,BHIWADI,35,GEN,RATTAN SINGH,IND,MALE,OBC
151,BANSWARA,BANSWARA,1,ST,HARISH CHANDRA RANA,BJP,MALE,ST
152,BANSWARA,BANSWARA,2,STW,KALA,BJP,FEMALE,STW
153,BANSWARA,BANSWARA,3,GENW,RADHIKA JOSHI,BJP,FEMALE,GENW
154,BANSWARA,BANSWARA,4,GENW,RANJANA,INC,FEMALE,GENW
155,BANSWARA,BANSWARA,5,GEN,MUKESH,INC,MALE,GEN
156,BANSWARA,BANSWARA,6,GEN,YOGESH JOSHI,BJP,MALE,GEN
157,BANSWARA,BANSWARA,7,GENW,MANJUBALA,BJP,FEMALE,GENW
158,BANSWARA,BANSWARA,8,SCW,DEVBALA,INC,FEMALE,SCW
159,BANSWARA,BANSWARA,9,SC,NATHULAL,INC,MALE,SC
160,BANSWARA,BANSWARA,10,GEN,LABHCHAND PATEL,IND,MALE,OBC
161,BANSWARA,BANSWARA,11,GENW,KRISHNA JOSHI,INC,FEMALE,GENW
162,BANSWARA,BANSWARA,12,GEN,ASHISH,INC,MALE,GEN
163,BANSWARA,BANSWARA,13,GENW,ANITA JAIN,INC,FEMALE,GENW
164,BANSWARA,BANSWARA,14,GEN,SEWALAL KALAL,INC,MALE,OBC
165,BANSWARA,BANSWARA,15,GEN,KANTILAL,BJP,MALE,GEN
166,BANSWARA,BANSWARA,16,SC,DANESHWAR,INC,MALE,SC
167,BANSWARA,BANSWARA,17,GEN,ARVIND PANCHAL,BJP,MALE,GEN
168,BANSWARA,BANSWARA,18,OBC,ZAHID AHEMAD,INC,MALE,OBC
169,BANSWARA,BANSWARA,19,GENW,SHAHIN,INC,FEMALE,GENW
170,BANSWARA,BANSWARA,20,GENW,RAJSHREE,INC,FEMALE,GENW
171,BANSWARA,BANSWARA,21,OBC,TUFEL AHAMAD,INC,MALE,OBC
172,BANSWARA,BANSWARA,22,GENW,GAYATRIDEVI SHARMA,BJP,FEMALE,OBCW
173,BANSWARA,BANSWARA,23,GEN,DEEPAK JOSHI,BJP,MALE,GEN
174,BANSWARA,BANSWARA,24,GENW,NAFEESA BAI,INC,FEMALE,GENW
175,BANSWARA,BANSWARA,25,GEN,SURESH PANDYA,BJP,MALE,GEN
176,BANSWARA,BANSWARA,26,GEN,MUKESH KUMAR NAYAK,BJP,MALE,GEN
177,BANSWARA,BANSWARA,27,GENW,KUSUM DEWARA,BJP,FEMALE,SCW
178,BANSWARA,BANSWARA,28,OBCW,PREMEELA,IND,FEMALE,OBCW
179,BANSWARA,BANSWARA,29,OBC,DHARMENDRA,INC,MALE,OBC
180,BANSWARA,BANSWARA,30,OBCW,RADHA DEVI,INC,FEMALE,OBCW
181,BANSWARA,BANSWARA,31,GEN,DOST MOHAMMAD,INC,MALE,GEN
182,BANSWARA,BANSWARA,32,ST,SITA DAMOR,INC,FEMALE,STW
183,BANSWARA,BANSWARA,33,GEN,AMZAD HUSAIN,INC,MALE,GEN
184,BANSWARA,BANSWARA,34,GENW,KANCHAN,INC,FEMALE,OBCW
185,BANSWARA,BANSWARA,35,OBC,DILIP PATEL,INC,MALE,OBC
186,BANSWARA,BANSWARA,36,OBCW,NITU,INC,FEMALE,OBCW
187,BANSWARA,BANSWARA,37,GENW,TAHERA,INC,FEMALE,GENW
188,BANSWARA,BANSWARA,38,OBCW,KHATUN,INC,FEMALE,OBCW
189,BANSWARA,BANSWARA,39,GEN,KHOJEMA,INC,MALE,GEN
190,BANSWARA,BANSWARA,40,STW,BHOORI,INC,FEMALE,STW
191,BARAN,CHHABRA,1,GEN,OM PRAKASH,BJP,MALE,GEN
192,BARAN,CHHABRA,2,ST,GHANSHYAM,BJP,MALE,ST
193,BARAN,CHHABRA,3,GENW,MAMTA,IND,FEMALE,GENW
194,BARAN,CHHABRA,4,OBCW,BADRI BAI,BJP,FEMALE,OBCW
195,BARAN,CHHABRA,5,GEN,CHANDRA PRAKASH,BJP,MALE,GEN
196,BARAN,CHHABRA,6,OBC,SHAHZAD SHAH,INC,MALE,OBC
197,BARAN,CHHABRA,7,SC,BHERU LAL,INC,MALE,SC
198,BARAN,CHHABRA,8,GEN,DAL CHAND,BJP,MALE,OBC
199,BARAN,CHHABRA,9,GEN,GOPAL,BJP,MALE,GEN
200,BARAN,CHHABRA,10,GENW,NANDU,INC,FEMALE,GENW
201,BARAN,CHHABRA,11,GEN,MANOJ KUMAR,BJP,MALE,OBC
202,BARAN,CHHABRA,12,OBC,MAHAVIR,BJP,MALE,OBC
203,BARAN,CHHABRA,13,GENW,RAZIYA KHAN,IND,FEMALE,OBCW
204,BARAN,CHHABRA,14,GENW,SHARDA,BJP,FEMALE,GENW
205,BARAN,CHHABRA,15,SCW,LEELA BAI,BJP,FEMALE,SCW
206,BARAN,CHHABRA,16,GENW,SANZIDA,INC,FEMALE,GENW
207,BARAN,CHHABRA,17,GENW,HUSNA,INC,FEMALE,GENW
208,BARAN,CHHABRA,18,GEN,SHAKIL AHAMAD,INC,MALE,GEN
209,BARAN,CHHABRA,19,OBCW,RUKMANI SEN,INC,FEMALE,OBCW
210,BARAN,CHHABRA,20,SC,RAMPRASAD,INC,MALE,SC
211,BARAN,MANGROLE,1,GEN,BALMUKUND,IND,MALE,OBC
212,BARAN,MANGROLE,2,GEN,BHUPENDRA SINGH,IND,MALE,GEN
213,BARAN,MANGROLE,3,OBCW,BADRI BAI,BJP,FEMALE,OBCW
214,BARAN,MANGROLE,4,GENW,SHAKILA BEGAM,INC,FEMALE,GENW
215,BARAN,MANGROLE,5,GENW,ANISHA BEGAM,INC,FEMALE,GENW
216,BARAN,MANGROLE,6,GEN,ABDUL RAB,IND,MALE,OBC
217,BARAN,MANGROLE,7,GENW,AKHTAR BANO,INC,FEMALE,GENW
218,BARAN,MANGROLE,8,OBCW,SALMA BEGAM,INC,FEMALE,OBCW
219,BARAN,MANGROLE,9,OBC,ASGAR ALI,INC,MALE,OBC
220,BARAN,MANGROLE,10,GEN,ABDUL RAJAQ,BJP,MALE,OBC
221,BARAN,MANGROLE,11,GEN,VISHANU MUKATI,INC,MALE,GEN
222,BARAN,MANGROLE,12,OBC,FAIZ MOHD.,INC,MALE,OBC
223,BARAN,MANGROLE,13,SCW,KANCHAN BAI,INC,FEMALE,SCW
224,BARAN,MANGROLE,14,SC,LALIT,INC,MALE,SC
225,BARAN,MANGROLE,15,SC,MOHAN LAL KAMAD,INC,MALE,SC
226,BARAN,MANGROLE,16,GENW,NATTI BAI,INC,FEMALE,OBCW
227,BARAN,MANGROLE,17,ST,RAJENDRA KUMAR MEENA,IND,MALE,ST
228,BARAN,MANGROLE,18,GEN,JAIPRAKASH,BJP,MALE,GEN
229,BARAN,MANGROLE,19,GENW,KAILASH,BJP,FEMALE,GENW
230,BARAN,MANGROLE,20,GENW,PREMBAI,BJP,FEMALE,OBCW
231,BARMER,BARMER,1,GEN,SURTAN SINGH,BJP,MALE,GEN
232,BARMER,BARMER,2,OBC,PEETAMBER DAS,IND,MALE,OBC
233,BARMER,BARMER,3,SCW,DHARMI DEVI,BJP,FEMALE,SCW
234,BARMER,BARMER,4,GEN,PRAKASH CHAND,BJP,MALE,GEN
235,BARMER,BARMER,5,GENW,PUSHPA DEVI,INC,FEMALE,GENW
236,BARMER,BARMER,6,GEN,RAMESH,INC,MALE,GEN
237,BARMER,BARMER,7,OBCW,SUNDER DEVI,BJP,FEMALE,OBCW
238,BARMER,BARMER,8,GENW,VIMLA,BJP,FEMALE,GENW
239,BARMER,BARMER,9,GEN,SURESH KUMAR,INC,MALE,GEN
240,BARMER,BARMER,10,GENW,CHANDRA,BJP,FEMALE,GENW
241,BARMER,BARMER,11,SC,RAMESH,IND,MALE,SC
242,BARMER,BARMER,12,GENW,SHARDA DEVI,INC,FEMALE,GENW
243,BARMER,BARMER,13,SCW,MANJU DEVI,INC,FEMALE,SCW
244,BARMER,BARMER,14,SC,MISHRI MAL,INC,MALE,SC
245,BARMER,BARMER,15,SCW,NATHI,INC,FEMALE,SCW
246,BARMER,BARMER,16,GEN,SHANKAR SINGH,IND,MALE,GEN
247,BARMER,BARMER,17,GEN,NAVALA RAM,INC,MALE,GEN
248,BARMER,BARMER,18,GENW,SUSHILA,INC,FEMALE,GENW
249,BARMER,BARMER,19,GENW,SANTOSH,INC,FEMALE,GENW
250,BARMER,BARMER,20,GENW,NIRMALA,INC,FEMALE,GENW
251,BARMER,BARMER,21,GENW,URMILA,INC,FEMALE,GENW
252,BARMER,BARMER,22,GEN,AMRIT LAL,INC,MALE,GEN
253,BARMER,BARMER,23,GEN,GANGA VISHAN,BJP,MALE,GEN
254,BARMER,BARMER,24,GEN,SURESH KUMAR,BJP,MALE,GEN
255,BARMER,BARMER,25,SC,MAHENDAR,BJP,MALE,SC
256,BARMER,BARMER,26,OBC,CHAIN SINGH,INC,MALE,OBC
257,BARMER,BARMER,27,ST,MEWA RAM,INC,MALE,ST
258,BARMER,BARMER,28,GENW,DEVI,INC,FEMALE,GENW
259,BARMER,BARMER,29,OBCW,LAJWANTI,INC,FEMALE,OBCW
260,BARMER,BARMER,30,OBCW,DARIYA DEVI,INC,FEMALE,OBCW
261,BARMER,BARMER,31,GEN,BALVIR,INC,MALE,GEN
262,BARMER,BARMER,32,GENW,JADA KANWAR,BJP,FEMALE,GENW
263,BARMER,BARMER,33,OBCW,PAWAN KANWAR,INC,FEMALE,OBCW
264,BARMER,BARMER,34,GENW,CHOTHI DEVI,BJP,FEMALE,GENW
265,BARMER,BARMER,35,GENW,SHANTI,INC,FEMALE,GENW
266,BARMER,BARMER,36,OBC,BIHARI LAL,BJP,MALE,OBC
267,BARMER,BARMER,37,GEN,BHAWANI SINGH,BJP,MALE,GEN
268,BARMER,BARMER,38,GEN,ASHOK DARJEE,BJP,MALE,GEN
269,BARMER,BARMER,39,OBC,ARVIND,BJP,MALE,OBC
270,BARMER,BARMER,40,GEN,DEENU KHAN,INC,MALE,GEN
271,BARMER,BALOTRA,1,GEN,JETHUSINGH,BJP,MALE,GEN
272,BARMER,BALOTRA,2,OBC,KEWALCHAND,BJP,MALE,OBC
273,BARMER,BALOTRA,3,OBCW,KAMLA KHATUN,INC,FEMALE,OBCW
274,BARMER,BALOTRA,4,GENW,ASHA DEVI,BJP,FEMALE,GENW
275,BARMER,BALOTRA,5,OBCW,BASANTI DEVI,BJP,FEMALE,OBCW
276,BARMER,BALOTRA,6,GENW,SUJI DEVI,BJP,FEMALE,GENW
277,BARMER,BALOTRA,7,OBC,NEMI CHAND,BJP,MALE,OBC
278,BARMER,BALOTRA,8,GENW,CHANDRA DEVI,INC,FEMALE,GENW
279,BARMER,BALOTRA,9,OBC,ROHIT KUMAR,IND,MALE,OBC
280,BARMER,BALOTRA,10,GENW,SUSHILA DEVI,BJP,FEMALE,GENW
281,BARMER,BALOTRA,11,GENW,DURGA DEVI,BJP,FEMALE,GENW
282,BARMER,BALOTRA,12,GEN,GOUTAM CHAND,BJP,MALE,GEN
283,BARMER,BALOTRA,13,GEN,PUSHPRAJ,BJP,MALE,GEN
284,BARMER,BALOTRA,14,GEN,PRATAP MAL,IND,MALE,GEN
285,BARMER,BALOTRA,15,SCW,JAMNA,BJP,FEMALE,SCW
286,BARMER,BALOTRA,16,GEN,NARSINGHA RAM,INC,MALE,GEN
287,BARMER,BALOTRA,17,SC,MANGILAL,INC,MALE,SC
288,BARMER,BALOTRA,18,GEN,RATAN LAL,INC,MALE,GEN
289,BARMER,BALOTRA,19,GENW,KAMLA DEVI,BJP,FEMALE,GENW
290,BARMER,BALOTRA,20,GENW,MOHANI DEVI,INC,FEMALE,GENW
291,BARMER,BALOTRA,21,SC,GOVIND RAM,INC,MALE,SC
292,BARMER,BALOTRA,22,OBCW,PUSHPA,INC,FEMALE,OBCW
293,BARMER,BALOTRA,23,GENW,JUBAIDA,INC,FEMALE,GENW
294,BARMER,BALOTRA,24,SCW,SAJAN DEVI,IND,FEMALE,SCW
295,BARMER,BALOTRA,25,GEN,RAM LAL,BJP,MALE,GEN
296,BARMER,BALOTRA,26,GEN,AMRA RAM,INC,MALE,GEN
297,BARMER,BALOTRA,27,GENW,BHAGWATI DEVI,INC,FEMALE,GENW
298,BARMER,BALOTRA,28,GENW,RAINA,IND,FEMALE,GENW
299,BARMER,BALOTRA,29,GEN,PANCHANA RAM,INC,MALE,GEN
300,BARMER,BALOTRA,30,GEN,RAWTA RAM,INC,MALE,GEN
301,BARMER,BALOTRA,31,GEN,NAINARAM,BJP,MALE,GEN
302,BARMER,BALOTRA,32,OBC,MANOJ KUMAR,BJP,MALE,OBC
303,BARMER,BALOTRA,33,ST,BHAGWANA RAM,IND,MALE,ST
304,BARMER,BALOTRA,34,GENW,MANOHAR KANWAR,BJP,FEMALE,GENW
305,BARMER,BALOTRA,35,SC,RAM CHANDRA,IND,MALE,SC
306,BHARATPUR,BHARATPUR,1,SC,PHOOLSINGH,IND,MALE,SC
307,BHARATPUR,BHARATPUR,2,OBCW,USHA SINGH,IND,FEMALE,OBCW
308,BHARATPUR,BHARATPUR,3,SCW,DEVI,IND,FEMALE,SCW
309,BHARATPUR,BHARATPUR,4,OBC,BHOLA RAM SAINI,IND,MALE,OBC
310,BHARATPUR,BHARATPUR,5,GENW,LAXMI DEVI,IND,FEMALE,GENW
311,BHARATPUR,BHARATPUR,6,OBC,UDAI SINGH,BJP,MALE,OBC
312,BHARATPUR,BHARATPUR,7,SC,PREM SINGH,IND,MALE,SC
313,BHARATPUR,BHARATPUR,8,SC,YADRAM,BJP,MALE,SC
314,BHARATPUR,BHARATPUR,9,GENW,GAYATRI DEVI,BJP,FEMALE,GENW
315,BHARATPUR,BHARATPUR,10,OBC,MANOJ SINGH,INC,MALE,OBC
316,BHARATPUR,BHARATPUR,11,GENW,SAVITRI,INC,FEMALE,GENW
317,BHARATPUR,BHARATPUR,12,SCW,BARFI DEVI,IND,FEMALE,SCW
318,BHARATPUR,BHARATPUR,13,OBCW,RATAN KAUR,INC,FEMALE,OBCW
319,BHARATPUR,BHARATPUR,14,OBCW,HANSIKA,INC,FEMALE,OBCW
320,BHARATPUR,BHARATPUR,15,GEN,VIMLESH,BJP,FEMALE,OBCW
321,BHARATPUR,BHARATPUR,16,GENW,PRATIBHA SHUKLA,INC,FEMALE,GENW
322,BHARATPUR,BHARATPUR,17,SCW,BASANTI,IND,FEMALE,SCW
323,BHARATPUR,BHARATPUR,18,GEN,MOHAN GAURAVAR,INC,MALE,GEN
324,BHARATPUR,BHARATPUR,19,GEN,AKHILESH,BSP,MALE,GEN
325,BHARATPUR,BHARATPUR,20,GEN,ASHOK,INC,MALE,GEN
326,BHARATPUR,BHARATPUR,21,GEN,NATTHILAL,IND,MALE,GEN
327,BHARATPUR,BHARATPUR,22,SC,RAKESH,INC,MALE,SC
328,BHARATPUR,BHARATPUR,23,GENW,KIRTI SHARMA,INC,FEMALE,GENW
329,BHARATPUR,BHARATPUR,24,GENW,SANJAY,BJP,FEMALE,GENW
330,BHARATPUR,BHARATPUR,25,SC,MUKESH,INC,MALE,SC
331,BHARATPUR,BHARATPUR,26,GEN,BHAGWAN DAS,IND,MALE,SC
332,BHARATPUR,BHARATPUR,27,GEN,NAGENDRA,IND,MALE,GEN
333,BHARATPUR,BHARATPUR,28,GENW,KAMLESH,IND,FEMALE,GENW
334,BHARATPUR,BHARATPUR,29,SCW,CHANDA DEVI,IND,FEMALE,SCW
335,BHARATPUR,BHARATPUR,30,GEN,NARENDRA SINGH,BJP,MALE,OBC
336,BHARATPUR,BHARATPUR,31,GEN,KIRAN,IND,FEMALE,GENW
337,BHARATPUR,BHARATPUR,32,GEN,RAGHVENDRA,IND,MALE,GEN
338,BHARATPUR,BHARATPUR,33,GEN,SHELU,IND,MALE,OBC
339,BHARATPUR,BHARATPUR,34,SC,TARACHAND,INC,MALE,SC
340,BHARATPUR,BHARATPUR,35,OBCW,JAGDISH,IND,FEMALE,OBCW
341,BHARATPUR,BHARATPUR,36,SCW,GANGA DEVI,IND,FEMALE,SCW
342,BHARATPUR,BHARATPUR,37,OBC,PREMPALSINGH,BJP,MALE,OBC
343,BHARATPUR,BHARATPUR,38,GEN,SHAYAM SUNDAR,BJP,MALE,GEN
344,BHARATPUR,BHARATPUR,39,GEN,BHEEMSINGH,IND,MALE,GEN
345,BHARATPUR,BHARATPUR,40,GENW,SUKKO S/O PAYREY LAL,IND,FEMALE,STW
346,BHARATPUR,BHARATPUR,41,GENW,REKHA,INC,FEMALE,GENW
347,BHARATPUR,BHARATPUR,42,GENW,MUNNI DEVI,IND,FEMALE,GENW
348,BHARATPUR,BHARATPUR,43,SCW,MENKA,IND,FEMALE,SCW
349,BHARATPUR,BHARATPUR,44,OBC,RAJENDRA SINGH,IND,MALE,OBC
350,BHARATPUR,BHARATPUR,45,OBCW,KAMLESH CHOUDARY,IND,FEMALE,OBCW
351,BHARATPUR,BHARATPUR,46,OBC,PREMSINGH,INC,MALE,OBC
352,BHARATPUR,BHARATPUR,47,GENW,PALLAVI SINGH,IND,FEMALE,GENW
353,BHARATPUR,BHARATPUR,48,GEN,OMA SINGH,INC,FEMALE,OBCW
354,BHARATPUR,BHARATPUR,49,GENW,ANITA,IND,FEMALE,OBCW
355,BHARATPUR,BHARATPUR,50,GENW,RAJKUMARI,IND,FEMALE,OBCW
356,BIKANER,BIKANER,1,GEN,HASAN ALI,INC,MALE,OBC
357,BIKANER,BIKANER,2,OBC,MEGHRAJ SUTHAR,INC,MALE,OBC
358,BIKANER,BIKANER,3,OBC,GANGA JAL,INC,MALE,OBC
359,BIKANER,BIKANER,4,GENW,PREM LATA,INC,FEMALE,OBCW
360,BIKANER,BIKANER,5,SC,MANGI LAL,BJP,MALE,SC
361,BIKANER,BIKANER,6,GENW,GUDDI,IND,FEMALE,GENW
362,BIKANER,BIKANER,7,OBCW,ELLA,INC,FEMALE,OBCW
363,BIKANER,BIKANER,8,GEN,ARUN VYAS,INC,MALE,GEN
364,BIKANER,BIKANER,9,GEN,SUNIL,INC,MALE,GEN
365,BIKANER,BIKANER,10,SC,HARI SHANKER,INC,MALE,SC
366,BIKANER,BIKANER,11,OBCW,RAJIYA,INC,FEMALE,OBCW
367,BIKANER,BIKANER,12,GEN,RAMJAAN,INC,MALE,GEN
368,BIKANER,BIKANER,13,GENW,SHAKILA,INC,FEMALE,OBCW
369,BIKANER,BIKANER,14,OBCW,NILOPHER,INC,FEMALE,OBCW
370,BIKANER,BIKANER,15,GENW,SUSHMA,INC,FEMALE,GENW
371,BIKANER,BIKANER,16,GEN,DURGA DAS CHANGANI,INC,MALE,GEN
372,BIKANER,BIKANER,17,GENW,RAJKUMARI,INC,FEMALE,GENW
373,BIKANER,BIKANER,18,SCW,SOHINI DEVI,INC,FEMALE,SCW
374,BIKANER,BIKANER,19,GEN,RAM LAL KACHHAWA,BJP,MALE,OBC
375,BIKANER,BIKANER,20,GEN,SHIV KUMAR,BJP,MALE,GEN
376,BIKANER,BIKANER,21,OBC,SHIV CHANDRA,INC,MALE,OBC
377,BIKANER,BIKANER,22,GENW,RAJ KUMARI,BJP,FEMALE,GENW
378,BIKANER,BIKANER,23,GEN,GANESH,BJP,MALE,GEN
379,BIKANER,BIKANER,24,OBCW,JHAMKU DEVI,BJP,FEMALE,OBCW
380,BIKANER,BIKANER,25,OBC,AASHA RAM,INC,MALE,OBC
381,BIKANER,BIKANER,26,GEN,UMESH,BJP,MALE,OBC
382,BIKANER,BIKANER,27,GENW,RAISA BANO,INC,FEMALE,OBCW
383,BIKANER,BIKANER,28,GENW,SHAKURA BANO,INC,FEMALE,GENW
384,BIKANER,BIKANER,29,GEN,ARVIND KISHORE ACHARYA,BJP,MALE,GEN
385,BIKANER,BIKANER,30,GENW,SUSHILA JAIN,BJP,FEMALE,GENW
386,BIKANER,BIKANER,31,GENW,MANJU,INC,FEMALE,GENW
387,BIKANER,BIKANER,32,GENW,TARA SONI,BJP,FEMALE,OBCW
388,BIKANER,BIKANER,33,GEN,MANISH,INC,MALE,GEN
389,BIKANER,BIKANER,34,GENW,BILKIS,BJP,FEMALE,OBCW
390,BIKANER,BIKANER,35,GENW,ANJU JAIN,BJP,FEMALE,GENW
391,BIKANER,BIKANER,36,GEN,GAJANANAD,IND,MALE,GEN
392,BIKANER,BIKANER,37,GENW,CHAYA GUPTA,BJP,FEMALE,GENW
393,BIKANER,BIKANER,38,GENW,SIVARI,INC,FEMALE,OBCW
394,BIKANER,BIKANER,39,OBCW,SANTOSH PRAJAPATI,INC,FEMALE,OBCW
395,BIKANER,BIKANER,40,OBC,MOHAN LAL,BJP,MALE,OBC
396,BIKANER,BIKANER,41,GENW,RENU KANWAR,INC,FEMALE,GENW
397,BIKANER,BIKANER,42,GEN,SAKET,BJP,MALE,GEN
398,BIKANER,BIKANER,43,SC,TARACHAND KILANIYA,BJP,MALE,SC
399,BIKANER,BIKANER,44,OBC,PREMSINGH MERATIYA,BJP,MALE,OBC
400,BIKANER,BIKANER,45,GEN,OMPRAKASH RAJPUROHIT,BJP,MALE,GEN
401,BIKANER,BIKANER,46,GENW,KAMAL KANWAR,BJP,FEMALE,GENW
402,BIKANER,BIKANER,47,SC,JOGINDER,INC,MALE,SC
403,BIKANER,BIKANER,48,GENW,LAXMI KANWAR,BJP,FEMALE,GENW
404,BIKANER,BIKANER,49,OBCW,ANSHU GEHLOT,INC,FEMALE,OBCW
405,BIKANER,BIKANER,50,GEN,UMMED SINGH RAJPUROHIT,BJP,MALE,GEN
406,BIKANER,BIKANER,51,GEN,ANAND SINGH,INC,MALE,GEN
407,BIKANER,BIKANER,52,GEN,SHANTI LAL,INC,MALE,GEN
408,BIKANER,BIKANER,53,SCW,RADHA,INC,FEMALE,SCW
409,BIKANER,BIKANER,54,SCW,RUKMA,INC,FEMALE,SCW
410,BIKANER,BIKANER,55,GEN,HEMENDER BHATI,BJP,MALE,OBC
411,BIKANER,BIKANER,56,GEN,JAVED,INC,MALE,OBC
412,BIKANER,BIKANER,57,OBC,JAVED KHAN,INC,MALE,OBC
413,BIKANER,BIKANER,58,GENW,NEENA ARORA,BJP,FEMALE,GENW
414,BIKANER,BIKANER,59,GEN,MANGI LAL BISHNOI,BJP,MALE,OBC
415,BIKANER,BIKANER,60,GENW,CHETANA,INC,FEMALE,OBCW
416,CHITTORGARH,CHITTORGARH,1,GEN,FARMAN KHAN,INC,MALE,GEN
417,CHITTORGARH,CHITTORGARH,2,GEN,SAWANT SINGH,IND,MALE,GEN
418,CHITTORGARH,CHITTORGARH,3,SCW,SHANTI,INC,FEMALE,SCW
419,CHITTORGARH,CHITTORGARH,4,SCW,SAWATRI,INC,FEMALE,SCW
420,CHITTORGARH,CHITTORGARH,5,GEN,CHETAN,BJP,MALE,GEN
421,CHITTORGARH,CHITTORGARH,6,GENW,RAVINDRA,BJP,FEMALE,GENW
422,CHITTORGARH,CHITTORGARH,7,GEN,SURENDRA NATH YOGI,INC,MALE,OBC
423,CHITTORGARH,CHITTORGARH,8,GENW,CHANDAN BALA,BJP,FEMALE,GENW
424,CHITTORGARH,CHITTORGARH,9,GEN,CHOTU SINGH SHEKHAWAT,BJP,MALE,GEN
425,CHITTORGARH,CHITTORGARH,10,GEN,KARSHAN GOPAL MAHESHWARI,IND,MALE,GEN
426,CHITTORGARH,CHITTORGARH,11,GEN,MAHENDRA SINGH,INC,MALE,GEN
427,CHITTORGARH,CHITTORGARH,12,GENW,ANTIM BALA,BJP,FEMALE,GENW
428,CHITTORGARH,CHITTORGARH,13,SC,VIJAY,INC,MALE,SC
429,CHITTORGARH,CHITTORGARH,14,SC,LAXMAN,IND,MALE,SC
430,CHITTORGARH,CHITTORGARH,15,GEN,SANDEEP,INC,MALE,GEN
431,CHITTORGARH,CHITTORGARH,16,OBCW,KUNDAN,INC,FEMALE,OBCW
432,CHITTORGARH,CHITTORGARH,17,GENW,JAGRATI KANWAR,BJP,FEMALE,GENW
433,CHITTORGARH,CHITTORGARH,18,OBCW,MANJU GURJAR,BJP,FEMALE,OBCW
434,CHITTORGARH,CHITTORGARH,19,GEN,MOHAMMAD YUSUF,INC,MALE,GEN
435,CHITTORGARH,CHITTORGARH,20,ST,VIJAY,INC,MALE,ST
436,CHITTORGARH,CHITTORGARH,21,GENW,SAJED KHANM,INC,FEMALE,GENW
437,CHITTORGARH,CHITTORGARH,22,GENW,MADHU,INC,FEMALE,GENW
438,CHITTORGARH,CHITTORGARH,23,GEN,LADHU RAM,INC,MALE,GEN
439,CHITTORGARH,CHITTORGARH,24,STW,SONAL,INC,FEMALE,STW
440,CHITTORGARH,CHITTORGARH,25,OBCW,SANEH LATA CHEEPA,BJP,FEMALE,OBCW
441,CHITTORGARH,CHITTORGARH,26,GENW,RAM KANYA,INC,FEMALE,GENW
442,CHITTORGARH,CHITTORGARH,27,GENW,DRAUPATI,INC,FEMALE,GENW
443,CHITTORGARH,CHITTORGARH,28,GENW,RUKMANI,INC,FEMALE,GENW
444,CHITTORGARH,CHITTORGARH,29,GENW,ASHA,IND,FEMALE,GENW
445,CHITTORGARH,CHITTORGARH,30,SC,NAND LAL KHATIK,IND,MALE,SC
446,CHITTORGARH,CHITTORGARH,31,GENW,SHAKUNTLA MALU,BJP,FEMALE,GENW
447,CHITTORGARH,CHITTORGARH,32,GEN,AMANAT ALI,IND,MALE,GEN
448,CHITTORGARH,CHITTORGARH,33,OBC,LAXMAN LAL,BJP,MALE,OBC
449,CHITTORGARH,CHITTORGARH,34,OBC,RAJ KUMAR,INC,MALE,OBC
450,CHITTORGARH,CHITTORGARH,35,OBCW,AMNA BANU,INC,FEMALE,OBCW
451,CHITTORGARH,CHITTORGARH,36,OBC,HEERA,INC,MALE,OBC
452,CHITTORGARH,CHITTORGARH,37,GEN,RAMESH LADDHA,INC,MALE,GEN
453,CHITTORGARH,CHITTORGARH,38,GEN,KAILASH CHANDRA,INC,MALE,GEN
454,CHITTORGARH,CHITTORGARH,39,OBC,ROHITASHAV KUMAR,BJP,MALE,OBC
455,CHITTORGARH,CHITTORGARH,40,GENW,KAILASH KANWAR RAJORA,IND,FEMALE,OBCW
456,CHITTORGARH,NIMBAHERA,1,GENW,KRISHNA,BJP,FEMALE,GENW
457,CHITTORGARH,NIMBAHERA,2,GENW,GEETA KUNWAR,BJP,FEMALE,GENW
458,CHITTORGARH,NIMBAHERA,3,GENW,GEETA VAISHNAV,INC,FEMALE,GENW
459,CHITTORGARH,NIMBAHERA,4,OBCW,SUMITRA SONI,BJP,FEMALE,OBCW
460,CHITTORGARH,NIMBAHERA,5,ST,RADHESHYAM,INC,MALE,ST
461,CHITTORGARH,NIMBAHERA,6,GEN,GOPAL LAL,BJP,MALE,OBC
462,CHITTORGARH,NIMBAHERA,7,OBC,GANPAT,BJP,MALE,OBC
463,CHITTORGARH,NIMBAHERA,8,OBC,SOHAN LAL,BJP,MALE,OBC
464,CHITTORGARH,NIMBAHERA,9,GEN,ABDUL RAHIM,BJP,MALE,GEN
465,CHITTORGARH,NIMBAHERA,10,GEN,GOPAL LAL KUMAWAT,BJP,MALE,OBC
466,CHITTORGARH,NIMBAHERA,11,GEN,PARASMAL,BJP,MALE,GEN
467,CHITTORGARH,NIMBAHERA,12,GENW,RADHA DEVI,BJP,FEMALE,GENW
468,CHITTORGARH,NIMBAHERA,13,GENW,ANURADHA DEVI,INC,FEMALE,GENW
469,CHITTORGARH,NIMBAHERA,14,GENW,RANI,BJP,FEMALE,GENW
470,CHITTORGARH,NIMBAHERA,15,OBCW,SUNITA SONI,BJP,FEMALE,OBCW
471,CHITTORGARH,NIMBAHERA,16,GENW,PARVATI,BJP,FEMALE,GENW
472,CHITTORGARH,NIMBAHERA,17,GEN,YAMEEN KHAN,INC,MALE,GEN
473,CHITTORGARH,NIMBAHERA,18,SC,UDAIRAM,INC,MALE,SC
474,CHITTORGARH,NIMBAHERA,19,SC,RAM CHANDRA,INC,MALE,SC
475,CHITTORGARH,NIMBAHERA,20,GENW,VANDANA JAIN,INC,FEMALE,GENW
476,CHITTORGARH,NIMBAHERA,21,GEN,NITIN,BJP,MALE,GEN
477,CHITTORGARH,NIMBAHERA,22,GEN,SHYAM LAL,BJP,MALE,GEN
478,CHITTORGARH,NIMBAHERA,23,GENW,TARUNA GOKHRU,BJP,FEMALE,GENW
479,CHITTORGARH,NIMBAHERA,24,GEN,MANOHAR LAL,BJP,MALE,GEN
480,CHITTORGARH,NIMBAHERA,25,GEN,VIJAY PRAKASH KABRA,BJP,MALE,GEN
481,CHITTORGARH,NIMBAHERA,26,OBC,HARISHCHANDRA,BJP,MALE,OBC
482,CHITTORGARH,NIMBAHERA,27,SCW,KAMALA BAI BHAMBI,BJP,FEMALE,SCW
483,CHITTORGARH,NIMBAHERA,28,GEN,RAVISHANKAR BAHETI,BJP,MALE,GEN
484,CHITTORGARH,NIMBAHERA,29,GENW,HUDI BAI,INC,FEMALE,OBCW
485,CHITTORGARH,NIMBAHERA,30,OBCW,KAMALESH AHIR,IND,FEMALE,OBCW
486,CHITTORGARH,RAWATBHATA,1,OBCW,VIDYAVATI,BJP,FEMALE,OBCW
487,CHITTORGARH,RAWATBHATA,2,GENW,RIHANA KHAN,INC,FEMALE,GENW
488,CHITTORGARH,RAWATBHATA,3,OBC,HARISH RATHORE,BJP,MALE,OBC
489,CHITTORGARH,RAWATBHATA,4,GEN,BABULAL JAIN,BJP,MALE,GEN
490,CHITTORGARH,RAWATBHATA,5,GEN,MUNNA TIVARI,INC,MALE,GEN
491,CHITTORGARH,RAWATBHATA,6,SCW,RANU,INC,FEMALE,SCW
492,CHITTORGARH,RAWATBHATA,7,SC,PRAKASH CHANDRA,INC,MALE,SC
493,CHITTORGARH,RAWATBHATA,8,GEN,LEKHCHANDRA,IND,MALE,SC
494,CHITTORGARH,RAWATBHATA,9,GENW,UMA,BJP,FEMALE,SCW
495,CHITTORGARH,RAWATBHATA,10,GEN,DHARMANAND,BJP,MALE,GEN
496,CHITTORGARH,RAWATBHATA,11,GENW,KALYANI DEVI,BJP,FEMALE,SCW
497,CHITTORGARH,RAWATBHATA,12,OBC,BHANWAR,INC,MALE,OBC
498,CHITTORGARH,RAWATBHATA,13,SC,RAKESH BATHARA,INC,MALE,SC
499,CHITTORGARH,RAWATBHATA,14,GENW,SUSHAMA,IND,FEMALE,GENW
500,CHITTORGARH,RAWATBHATA,15,ST,MANJU MEENA,BJP,FEMALE,STW
501,CHITTORGARH,RAWATBHATA,16,GEN,BHARTI JOSHI,BJP,FEMALE,GENW
502,CHITTORGARH,RAWATBHATA,17,GENW,MANJU LATA JANGAM,BJP,FEMALE,OBCW
503,CHITTORGARH,RAWATBHATA,18,GEN,BANSHILAL,BJP,MALE,OBC
504,CHITTORGARH,RAWATBHATA,19,OBCW,RESHMI DEVI,INC,FEMALE,OBCW
505,CHITTORGARH,RAWATBHATA,20,GENW,DHANITREE,INC,FEMALE,GENW
506,CHITTORGARH,RAWATBHATA,21,GEN,ANIL,IND,MALE,OBC
507,CHITTORGARH,RAWATBHATA,22,GEN,RAJENDRA SINGH,BJP,MALE,GEN
508,CHITTORGARH,RAWATBHATA,23,GENW,ARCHANA,BJP,FEMALE,GENW
509,CHITTORGARH,RAWATBHATA,24,GENW,DIPIKA,BJP,FEMALE,GENW
510,CHITTORGARH,RAWATBHATA,25,OBC,RAIS AHMAD,IND,MALE,OBC
511,CHURU,CHURU,1,GENW,KAMALA DEVI,BJP,FEMALE,OBCW
512,CHURU,CHURU,2,OBCW,SUMITRA,BJP,FEMALE,OBCW
513,CHURU,CHURU,3,GENW,HUSNA BANO,INC,FEMALE,GENW
514,CHURU,CHURU,4,GENW,CHAMPA DEVI,BJP,FEMALE,OBCW
515,CHURU,CHURU,5,OBC,ASLAM HUSSAN,BJP,MALE,OBC
516,CHURU,CHURU,6,GENW,SUGRA,INC,FEMALE,OBCW
517,CHURU,CHURU,7,GENW,KHATOON,INC,FEMALE,OBCW
518,CHURU,CHURU,8,GENW,RAHESA BANO,INC,FEMALE,GENW
519,CHURU,CHURU,9,GENW,SAHIDAN,INC,FEMALE,OBCW
520,CHURU,CHURU,10,GEN,IMRAN,INC,MALE,OBC
521,CHURU,CHURU,11,GEN,LIKHEMI CHAND PRAJAPAT,BJP,MALE,OBC
522,CHURU,CHURU,12,GEN,LAL MOHAMMED,INC,MALE,GEN
523,CHURU,CHURU,13,GEN,ILAHI BAKHAS,INC,MALE,OBC
524,CHURU,CHURU,14,GEN,NARENDRA,INC,MALE,OBC
525,CHURU,CHURU,15,GENW,SUSHILA,IND,FEMALE,GENW
526,CHURU,CHURU,16,GENW,VIMALA GARHWAL,BJP,FEMALE,OBCW
527,CHURU,CHURU,17,GEN,MOHAMMED ISMILE,BJP,MALE,OBC
528,CHURU,CHURU,18,OBC,SHOKAT ALI,INC,MALE,OBC
529,CHURU,CHURU,19,GENW,KHATUN,BJP,FEMALE,OBCW
530,CHURU,CHURU,20,OBC,JAVED,INC,MALE,OBC
531,CHURU,CHURU,21,GEN,TARA CHAND BANTHIA,INC,MALE,GEN
532,CHURU,CHURU,22,GEN,RAJKUMAR,BJP,MALE,GEN
533,CHURU,CHURU,23,SC,BIMLA DEVI,BJP,FEMALE,SCW
534,CHURU,CHURU,24,OBC,RAKSH PAL SINGH SIHAG ADVOKATE,INC,MALE,OBC
535,CHURU,CHURU,25,GENW,NARBADA,BJP,FEMALE,OBCW
536,CHURU,CHURU,26,GEN,BHAGIRATH PRASAD SAINI,BJP,MALE,OBC
537,CHURU,CHURU,27,OBCW,JARINA,INC,FEMALE,OBCW
538,CHURU,CHURU,28,GENW,MANJU,BJP,FEMALE,GENW
539,CHURU,CHURU,29,GENW,GULSHAN,BJP,FEMALE,OBCW
540,CHURU,CHURU,30,GEN,KHUSHI MOHAMMED,INC,MALE,OBC
541,CHURU,CHURU,31,GEN,ABRAR KHAN,IND,MALE,OBC
542,CHURU,CHURU,32,GEN,VISHAVA NATH GANGIR,BJP,MALE,GEN
543,CHURU,CHURU,33,GENW,CHANDA,BJP,FEMALE,GENW
544,CHURU,CHURU,34,GEN,SHAYAM SUNDER PAREEK,BJP,MALE,GEN
545,CHURU,CHURU,35,OBC,PURUSHOTTAM,BJP,MALE,OBC
546,CHURU,CHURU,36,SCW,JAMANA DEVI,INC,FEMALE,SCW
547,CHURU,CHURU,37,SC,MANISH,INC,MALE,SC
548,CHURU,CHURU,38,SC,SATAYNARAYAN BANKOLIA,INC,MALE,SC
549,CHURU,CHURU,39,SCW,RATNI DEVI,INC,FEMALE,SCW
550,CHURU,CHURU,40,GEN,RAMAVTAR,INC,MALE,OBC
551,CHURU,CHURU,41,OBCW,MAGHI,IND,FEMALE,OBCW
552,CHURU,CHURU,42,GEN,RAVI PRAKASH,INC,MALE,GEN
553,CHURU,CHURU,43,GENW,SAJNA,BJP,FEMALE,GENW
554,CHURU,CHURU,44,GEN,SALIM,INC,MALE,OBC
555,CHURU,CHURU,45,OBCW,DURGA DEVI,BJP,FEMALE,OBCW
556,CHURU,RAJGARH,1,SC,SURAJ BHAN,BSP,MALE,SC
557,CHURU,RAJGARH,2,GENW,BHAGWANI DEVI,IND,FEMALE,OBCW
558,CHURU,RAJGARH,3,OBCW,DHAPA DEVI,BSP,FEMALE,OBCW
559,CHURU,RAJGARH,4,GEN,GYAN PRAKASH MALI,IND,MALE,OBC
560,CHURU,RAJGARH,5,ST,RAJKUMAR,IND,MALE,ST
561,CHURU,RAJGARH,6,GENW,SHARDA,INC,FEMALE,GENW
562,CHURU,RAJGARH,7,GENW,POONAM,INC,FEMALE,GENW
563,CHURU,RAJGARH,8,GEN,AMIN KHAN,INC,MALE,OBC
564,CHURU,RAJGARH,9,OBC,NANNI,INC,FEMALE,OBCW
565,CHURU,RAJGARH,10,GENW,BHAGWATI DEVI BERASIRYA,INC,FEMALE,GENW
566,CHURU,RAJGARH,11,GEN,PAWAN KUMAR,INC,MALE,OBC
567,CHURU,RAJGARH,12,GENW,BATUL BANNO,INC,FEMALE,OBCW
568,CHURU,RAJGARH,13,OBCW,JAMILA BEGEM,INC,FEMALE,OBCW
569,CHURU,RAJGARH,14,OBC,MAHENDAR KUMAR,INC,MALE,OBC
570,CHURU,RAJGARH,15,GENW,SUMITRA DEVI,BSP,FEMALE,GENW
571,CHURU,RAJGARH,16,OBCW,NASIM BANO,INC,FEMALE,OBCW
572,CHURU,RAJGARH,17,GENW,RUKSHANA BAGEM,INC,FEMALE,OBCW
573,CHURU,RAJGARH,18,GEN,AFAJAL ALI,INC,MALE,OBC
574,CHURU,RAJGARH,19,GEN,JAMILA,INC,FEMALE,GENW
575,CHURU,RAJGARH,20,GENW,JATUN,IND,FEMALE,GENW
576,CHURU,RAJGARH,21,SCW,KAMALESH,INC,FEMALE,SCW
577,CHURU,RAJGARH,22,GEN,PRAKASHCHAND,IND,MALE,GEN
578,CHURU,RAJGARH,23,GEN,BATUL,IND,FEMALE,GENW
579,CHURU,RAJGARH,24,GEN,PRADEEP KUMAR,IND,MALE,GEN
580,CHURU,RAJGARH,25,OBC,PROMOD KUMAR,IND,MALE,OBC
581,CHURU,RAJGARH,26,GENW,TARAMANI,IND,FEMALE,GENW
582,CHURU,RAJGARH,27,SCW,VIDYA DEVI,INC,FEMALE,SCW
583,CHURU,RAJGARH,28,SC,OM PRAKASH,IND,MALE,SC
584,CHURU,RAJGARH,29,GEN,SADIK KHAN,INC,MALE,GEN
585,CHURU,RAJGARH,30,SC,RAJENDER KUMAR,BSP,MALE,SC
586,GANAGANAGAR,GANGANAGAR,1,GEN,RAM SHANKAR,IND,MALE,GEN
587,GANAGANAGAR,GANGANAGAR,2,GENW,KUSUM KOSHIK,INC,FEMALE,GENW
588,GANAGANAGAR,GANGANAGAR,3,GENW,YOGITA,BJP,FEMALE,GENW
589,GANAGANAGAR,GANGANAGAR,4,GEN,HARJEET SINGH,IND,MALE,OBC
590,GANAGANAGAR,GANGANAGAR,5,SCW,SUNDER DEVI,IND,FEMALE,SCW
591,GANAGANAGAR,GANGANAGAR,6,GENW,SUNITA,INC,FEMALE,GENW
592,GANAGANAGAR,GANGANAGAR,7,GEN,PREM KUMAR,INC,MALE,SC
593,GANAGANAGAR,GANGANAGAR,8,SC,DALIP KUMAR,INC,MALE,SC
594,GANAGANAGAR,GANGANAGAR,9,GENW,ASHA RANI,IND,FEMALE,GENW
595,GANAGANAGAR,GANGANAGAR,10,GEN,KRISHAN SYAG,INC,MALE,GEN
596,GANAGANAGAR,GANGANAGAR,11,OBC,HIRARAM,IND,MALE,OBC
597,GANAGANAGAR,GANGANAGAR,12,OBCW,SHANTI DEVI,BJP,FEMALE,OBCW
598,GANAGANAGAR,GANGANAGAR,13,GENW,JANKI DEVI,IND,FEMALE,GENW
599,GANAGANAGAR,GANGANAGAR,14,GEN,DHARAM PAL,INC,MALE,GEN
600,GANAGANAGAR,GANGANAGAR,15,SC,RAMESH KUMAR,INC,MALE,SC
601,GANAGANAGAR,GANGANAGAR,16,GEN,JAGDISH RAI,INC,MALE,GEN
602,GANAGANAGAR,GANGANAGAR,17,GENW,BHAGWANTI DEVI,INC,FEMALE,GENW
603,GANAGANAGAR,GANGANAGAR,18,GENW,NAMITA,INC,FEMALE,GENW
604,GANAGANAGAR,GANGANAGAR,19,GEN,SURENDRA KUMAR SWAMI,INC,MALE,GEN
605,GANAGANAGAR,GANGANAGAR,20,GENW,PASVINDER JOG,INC,FEMALE,OBCW
606,GANAGANAGAR,GANGANAGAR,21,OBC,GURJEET SINGH WALIYA,INC,MALE,OBC
607,GANAGANAGAR,GANGANAGAR,22,GEN,SUNIL KUMAR,BJP,MALE,GEN
608,GANAGANAGAR,GANGANAGAR,23,OBC,BHARAT PAL,BJP,MALE,OBC
609,GANAGANAGAR,GANGANAGAR,24,OBCW,SUNITA CHOUDHARAY,INC,FEMALE,OBCW
610,GANAGANAGAR,GANGANAGAR,25,GENW,NEERU GARG,BJP,FEMALE,GENW
611,GANAGANAGAR,GANGANAGAR,26,OBC,RAMJAN ALI,BJP,MALE,OBC
612,GANAGANAGAR,GANGANAGAR,27,GEN,RAVI KUKKAR,IND,MALE,GEN
613,GANAGANAGAR,GANGANAGAR,28,OBCW,SEETA DEVI,IND,FEMALE,OBCW
614,GANAGANAGAR,GANGANAGAR,29,GENW,BABITA GUPTA,BJP,FEMALE,GENW
615,GANAGANAGAR,GANGANAGAR,30,OBC,DAYA RAM,IND,MALE,OBC
616,GANAGANAGAR,GANGANAGAR,31,OBCW,LAVEEN VERMA,INC,FEMALE,OBCW
617,GANAGANAGAR,GANGANAGAR,32,GENW,PRAMAJET KAUR,INC,FEMALE,OBCW
618,GANAGANAGAR,GANGANAGAR,33,OBCW,PARVATI,IND,FEMALE,OBCW
619,GANAGANAGAR,GANGANAGAR,34,OBC,KHETPAL JHATWAL,IND,MALE,OBC
620,GANAGANAGAR,GANGANAGAR,35,GENW,PUSHPA DEVI KULCHANIA,IND,FEMALE,OBCW
621,GANAGANAGAR,GANGANAGAR,36,GEN,BALDEV SINGH,IND,MALE,OBC
622,GANAGANAGAR,GANGANAGAR,37,GENW,USHA MUJRAL,BJP,FEMALE,GENW
623,GANAGANAGAR,GANGANAGAR,38,GEN,NATHURAM,INC,MALE,GEN
624,GANAGANAGAR,GANGANAGAR,39,GEN,KAMLA,INC,FEMALE,GENW
625,GANAGANAGAR,GANGANAGAR,40,GEN,SANDEEP,IND,MALE,GEN
626,GANAGANAGAR,GANGANAGAR,41,GENW,ANU AHUJA,BJP,FEMALE,GENW
627,GANAGANAGAR,GANGANAGAR,42,GENW,SEEMA DEVI,INC,FEMALE,GENW
628,GANAGANAGAR,GANGANAGAR,43,GEN,BASANT SINGAL,IND,MALE,GEN
629,GANAGANAGAR,GANGANAGAR,44,SC,SITA RAM,BJP,MALE,SC
630,GANAGANAGAR,GANGANAGAR,45,SCW,GEETA YASHPAL,IND,FEMALE,SCW
631,GANAGANAGAR,GANGANAGAR,46,SCW,SUNITA DEVI INDORA,IND,FEMALE,SCW
632,GANAGANAGAR,GANGANAGAR,47,ST,RAVI PRAKASH,IND,MALE,ST
633,GANAGANAGAR,GANGANAGAR,48,SCW,KIRAN DEVI,IND,FEMALE,SCW
634,GANAGANAGAR,GANGANAGAR,49,SC,VINOD KUMAR NAYAK,BJP,MALE,SC
635,GANAGANAGAR,GANGANAGAR,50,GEN,SANJEEV SAINI,BJP,MALE,OBC
636,GANAGANAGAR,SURATGARH,1,GEN,SALEEM,INC,MALE,GEN
637,GANAGANAGAR,SURATGARH,2,GENW,SARLA DEVI,IND,FEMALE,GENW
638,GANAGANAGAR,SURATGARH,3,SCW,SUNDAR DEVI,INC,FEMALE,SCW
639,GANAGANAGAR,SURATGARH,4,OBC,JAGJEET SINGH,BJP,MALE,OBC
640,GANAGANAGAR,SURATGARH,5,GENW,MOHINI DEVI,CPI(M),FEMALE,GENW
641,GANAGANAGAR,SURATGARH,6,GEN,CHANJEET SINGH,INC,MALE,GEN
642,GANAGANAGAR,SURATGARH,7,OBC,DHARMENDAR SINGH,BJP,MALE,OBC
643,GANAGANAGAR,SURATGARH,8,GEN,VIKASH DEEP,BJP,MALE,GEN
644,GANAGANAGAR,SURATGARH,9,GENW,REKHA,INC,FEMALE,GENW
645,GANAGANAGAR,SURATGARH,10,GEN,PARMJEET SINGH BEDI,IND,MALE,GEN
646,GANAGANAGAR,SURATGARH,11,OBCW,SHANTI DEVI,INC,FEMALE,OBCW
647,GANAGANAGAR,SURATGARH,12,OBCW,SANTOSH,BJP,FEMALE,OBCW
648,GANAGANAGAR,SURATGARH,13,GENW,KALAWATI,IND,FEMALE,OBCW
649,GANAGANAGAR,SURATGARH,14,GEN,SATYANARAYAN CHHIMPA,BJP,MALE,OBC
650,GANAGANAGAR,SURATGARH,15,GEN,DEEN BANDHU,INC,MALE,GEN
651,GANAGANAGAR,SURATGARH,16,OBCW,KUSUM,INC,FEMALE,OBCW
652,GANAGANAGAR,SURATGARH,17,GENW,GEETA,BJP,FEMALE,GENW
653,GANAGANAGAR,SURATGARH,18,GENW,MEVA DEVI,INC,FEMALE,GENW
654,GANAGANAGAR,SURATGARH,19,OBC,PARAMJEET SINGH,IND,MALE,OBC
655,GANAGANAGAR,SURATGARH,20,SC,SHANKAR LAL,IND,MALE,SC
656,GANAGANAGAR,SURATGARH,21,SCW,SANTOSH DEVI MEGHWAL,INC,FEMALE,SCW
657,GANAGANAGAR,SURATGARH,22,SC,BIRBAL,INC,MALE,SC
658,GANAGANAGAR,SURATGARH,23,SCW,BARFI DEVI,INC,FEMALE,SCW
659,GANAGANAGAR,SURATGARH,24,GEN,RAJA RAM,BJP,MALE,OBC
660,GANAGANAGAR,SURATGARH,25,GEN,VED PARKASH,INC,MALE,OBC
661,GANAGANAGAR,SURATGARH,26,GENW,KANTA PATNI,INC,FEMALE,GENW
662,GANAGANAGAR,SURATGARH,27,SC,NATHU RAM,BJP,MALE,SC
663,GANAGANAGAR,SURATGARH,28,GENW,NAFISA,INC,FEMALE,GENW
664,GANAGANAGAR,SURATGARH,29,GEN,SATPAL,IND,MALE,OBC
665,GANAGANAGAR,SURATGARH,30,GENW,RADHA,INC,FEMALE,OBCW
666,HANUMANGARH,HANUMANGARH,1,OBCW,SUMAN DEVI,INC,FEMALE,OBCW
667,HANUMANGARH,HANUMANGARH,2,SC,GURDEV SINGH,BJP,MALE,SC
668,HANUMANGARH,HANUMANGARH,3,OBC,SOHAN LAL,INC,MALE,OBC
669,HANUMANGARH,HANUMANGARH,4,GENW,KAMO BEGUM,IND,FEMALE,GENW
670,HANUMANGARH,HANUMANGARH,5,GENW,VIJAY LAKSHMI,BJP,FEMALE,GENW
671,HANUMANGARH,HANUMANGARH,6,OBCW,SILOCHANA DEVI,INC,FEMALE,OBCW
672,HANUMANGARH,HANUMANGARH,7,SC,SURESH KUMAR,BJP,MALE,SC
673,HANUMANGARH,HANUMANGARH,8,GEN,MADANLAL,INC,MALE,GEN
674,HANUMANGARH,HANUMANGARH,9,SCW,JANAKI DEVI,BJP,FEMALE,SCW
675,HANUMANGARH,HANUMANGARH,10,SCW,NAGEENA BAI,BJP,FEMALE,SCW
676,HANUMANGARH,HANUMANGARH,11,GENW,SHAHAR BANO,INC,FEMALE,OBCW
677,HANUMANGARH,HANUMANGARH,12,GENW,RENU SINGH,IND,FEMALE,SCW
678,HANUMANGARH,HANUMANGARH,13,GENW,PREMLATA,BJP,FEMALE,GENW
679,HANUMANGARH,HANUMANGARH,14,GEN,KALU RAM,BJP,MALE,GEN
680,HANUMANGARH,HANUMANGARH,15,GEN,ARUN,BJP,MALE,GEN
681,HANUMANGARH,HANUMANGARH,16,OBC,SUSHMA,BJP,FEMALE,OBCW
682,HANUMANGARH,HANUMANGARH,17,GEN,MANOHAR LAL,INC,MALE,GEN
683,HANUMANGARH,HANUMANGARH,18,GENW,RENU DEVI,IND,FEMALE,GENW
684,HANUMANGARH,HANUMANGARH,19,GEN,RAJ PAL,BJP,MALE,GEN
685,HANUMANGARH,HANUMANGARH,20,GEN,KHUSHEE MOHAMMAD,IND,MALE,OBC
686,HANUMANGARH,HANUMANGARH,21,SCW,SANJOGTA,INC,FEMALE,SCW
687,HANUMANGARH,HANUMANGARH,22,OBC,DEEVAN CHAND,BJP,MALE,OBC
688,HANUMANGARH,HANUMANGARH,23,GENW,SHEELA DEVI,BJP,FEMALE,SCW
689,HANUMANGARH,HANUMANGARH,24,GEN,RAJENDER KUMAR,INC,MALE,GEN
690,HANUMANGARH,HANUMANGARH,25,GENW,SUSHILA,INC,FEMALE,OBCW
691,HANUMANGARH,HANUMANGARH,26,GEN,KRISHAN LAL,BJP,MALE,GEN
692,HANUMANGARH,HANUMANGARH,27,GEN,DEVENDER,BJP,MALE,GEN
693,HANUMANGARH,HANUMANGARH,28,GENW,VIMALA,BJP,FEMALE,GENW
694,HANUMANGARH,HANUMANGARH,29,GENW,MONIKA,BJP,FEMALE,GENW
695,HANUMANGARH,HANUMANGARH,30,GENW,MADEENA,BJP,FEMALE,OBCW
696,HANUMANGARH,HANUMANGARH,31,ST,OMPRAKASH,BJP,MALE,ST
697,HANUMANGARH,HANUMANGARH,32,GEN,LALIT KUMAR JAIN,BJP,MALE,GEN
698,HANUMANGARH,HANUMANGARH,33,GEN,VINOD,IND,MALE,GEN
699,HANUMANGARH,HANUMANGARH,34,OBCW,JAMEELA BANO,INC,FEMALE,OBCW
700,HANUMANGARH,HANUMANGARH,35,GENW,SUNEETA,INC,FEMALE,OBCW
701,HANUMANGARH,HANUMANGARH,36,GENW,GEETA DEVI,IND,FEMALE,GENW
702,HANUMANGARH,HANUMANGARH,37,GEN,UMASHANKAR,BJP,MALE,SC
703,HANUMANGARH,HANUMANGARH,38,GEN,GAURAV JAIN,IND,MALE,GEN
704,HANUMANGARH,HANUMANGARH,39,OBCW,LEELAWATEE,INC,FEMALE,OBCW
705,HANUMANGARH,HANUMANGARH,40,GEN,MANOHAR LAL,BJP,MALE,GEN
706,HANUMANGARH,HANUMANGARH,41,GENW,ANJU DEVI,BJP,FEMALE,GENW
707,HANUMANGARH,HANUMANGARH,42,SC,HAKAM SINGH,BJP,MALE,SC
708,HANUMANGARH,HANUMANGARH,43,OBC,SUNDARLAL,INC,MALE,OBC
709,HANUMANGARH,HANUMANGARH,44,SC,NIRANJAN,INC,MALE,SC
710,HANUMANGARH,HANUMANGARH,45,OBC,ASHOK,INC,MALE,OBC
711,JAIPUR,JAIPUR,1,GEN,CHHITAR MAL SHARMA,INC,MALE,GEN
712,JAIPUR,JAIPUR,2,GEN,GYAN CHAND SAINI,INC,MALE,GEN
713,JAIPUR,JAIPUR,3,GEN,SUSHIL SHARMA,IND,MALE,GEN
714,JAIPUR,JAIPUR,4,GEN,KAMAL KISHORE GUPTA,IND,MALE,GEN
715,JAIPUR,JAIPUR,5,GENW,SUMITRA PATODIA,BJP,FEMALE,GENW
716,JAIPUR,JAIPUR,6,GEN,RIDDHI KARAN PARASRAM PURIA,BJP,MALE,GEN
717,JAIPUR,JAIPUR,7,GENW,DURGESH NANDANI,BJP,FEMALE,GENW
718,JAIPUR,JAIPUR,8,GENW,MANJU SHARMA,INC,FEMALE,GENW
719,JAIPUR,JAIPUR,9,GEN,NARENDRA VASISTHA,INC,MALE,GEN
720,JAIPUR,JAIPUR,10,GENW,MOHINI,INC,FEMALE,GENW
721,JAIPUR,JAIPUR,11,OBCW,NEETA YADAV,BJP,FEMALE,OBCW
722,JAIPUR,JAIPUR,12,OBCW,SANTOSH DEVI,BJP,FEMALE,OBCW
723,JAIPUR,JAIPUR,13,GENW,RAKHI RATHORE,BJP,FEMALE,GENW
724,JAIPUR,JAIPUR,14,GEN,HANUMAN SHARMA (MAN PANDIT),BJP,MALE,GEN
725,JAIPUR,JAIPUR,15,OBCW,ANJU CHOUDHARY,INC,FEMALE,OBCW
726,JAIPUR,JAIPUR,16,GEN,DIGVIJAY SINGH,INC,MALE,GEN
727,JAIPUR,JAIPUR,17,OBC,OM PRAKASH GURJAR,BJP,MALE,OBC
728,JAIPUR,JAIPUR,18,GEN,NIRMAL NAHATA,BJP,MALE,GEN
729,JAIPUR,JAIPUR,19,STW,SANTOSH MEENA,INC,FEMALE,STW
730,JAIPUR,JAIPUR,20,GEN,AKHILESH,BJP,MALE,GEN
731,JAIPUR,JAIPUR,21,OBCW,MEENA DEVI,BJP,FEMALE,OBCW
732,JAIPUR,JAIPUR,22,GENW,MAMTA SHARMA,BJP,FEMALE,GENW
733,JAIPUR,JAIPUR,23,OBCW,GEETA RAJORIA,BJP,FEMALE,OBCW
734,JAIPUR,JAIPUR,24,GENW,MITHLESH,BJP,FEMALE,GENW
735,JAIPUR,JAIPUR,25,GENW,KIRAN GUPTA,INC,FEMALE,GENW
736,JAIPUR,JAIPUR,26,GEN,NATTHURAM,BJP,MALE,GEN
737,JAIPUR,JAIPUR,27,GEN,SAMANDAR SINGH,BJP,MALE,GEN
738,JAIPUR,JAIPUR,28,GEN,KAMLESH,INC,MALE,GEN
739,JAIPUR,JAIPUR,29,OBC,BHANWAR LAL,BJP,MALE,OBC
740,JAIPUR,JAIPUR,30,OBCW,KANTA,BJP,FEMALE,OBCW
741,JAIPUR,JAIPUR,31,GEN,PRABHU NARAIN,BJP,MALE,GEN
742,JAIPUR,JAIPUR,32,GENW,SANTOSH SHARMA,INC,FEMALE,GENW
743,JAIPUR,JAIPUR,33,SCW,URMILA NAVARIA,BJP,FEMALE,SCW
744,JAIPUR,JAIPUR,34,SC,RAMJI LAL KOLI,IND,MALE,SC
745,JAIPUR,JAIPUR,35,SC,RAM BAKSHA,INC,MALE,SC
746,JAIPUR,JAIPUR,36,ST,BADRINARAYAN MEENA,BJP,MALE,ST
747,JAIPUR,JAIPUR,37,GEN,BHAGWAN DAS,BJP,MALE,GEN
748,JAIPUR,JAIPUR,38,OBC,SANJAY VERMA,INC,MALE,OBC
749,JAIPUR,JAIPUR,39,SCW,MEENA LODIYA,BJP,FEMALE,SCW
750,JAIPUR,JAIPUR,40,GENW,ASHA KALA,INC,FEMALE,GENW
751,JAIPUR,JAIPUR,41,GENW,ARCHANA SHARMA,INC,FEMALE,GENW
752,JAIPUR,JAIPUR,42,SCW,SAVETA MORODIYA,BJP,FEMALE,SCW
753,JAIPUR,JAIPUR,43,GENW,SHALINI SHARMA,BJP,FEMALE,GENW
754,JAIPUR,JAIPUR,44,GEN,ROSHAN SAINI,BJP,MALE,OBC
755,JAIPUR,JAIPUR,45,GEN,SANJEEV SHARMA,BJP,MALE,GEN
756,JAIPUR,JAIPUR,46,OBC,DEVENDRA SINGH SHANTI,BJP,MALE,OBC
757,JAIPUR,JAIPUR,47,GENW,NITA KHAITAN,BJP,FEMALE,GENW
758,JAIPUR,JAIPUR,48,SCW,SANTRA DEVI VERMA,BJP,FEMALE,SCW
759,JAIPUR,JAIPUR,49,ST,SHIV KUMAR MEENA,BJP,MALE,ST
760,JAIPUR,JAIPUR,50,GEN,LEKHRAJ JASWANI,BJP,MALE,GEN
761,JAIPUR,JAIPUR,51,GENW,PARVEEN BANO QURESHI,INC,FEMALE,GENW
762,JAIPUR,JAIPUR,52,GEN,SUNITA MAVAR,INC,FEMALE,OBCW
763,JAIPUR,JAIPUR,53,GEN,UMAR DARAJ,INC,MALE,GEN
764,JAIPUR,JAIPUR,54,SC,PAWAN KUMAR,INC,MALE,SC
765,JAIPUR,JAIPUR,55,GENW,SAROJ AGARWAL,BJP,FEMALE,GENW
766,JAIPUR,JAIPUR,56,SC,KAILASH,BJP,MALE,SC
767,JAIPUR,JAIPUR,57,GENW,AAYASHA SIDDHIKI,INC,FEMALE,GENW
768,JAIPUR,JAIPUR,58,GENW,MANJRI OJHA,BJP,FEMALE,GENW
769,JAIPUR,JAIPUR,59,OBC,AJAY YADAV,BJP,MALE,OBC
770,JAIPUR,JAIPUR,60,GEN,ANIL KUMR BUMB,BJP,MALE,GEN
771,JAIPUR,JAIPUR,61,GENW,SUNITA,BJP,FEMALE,GENW
772,JAIPUR,JAIPUR,62,GENW,NURJAHAN,INC,FEMALE,OBCW
773,JAIPUR,JAIPUR,63,OBC,GULAM NBI,INC,MALE,OBC
774,JAIPUR,JAIPUR,64,GEN,MANISH PAREEK,BJP,MALE,GEN
775,JAIPUR,JAIPUR,65,SCW,KAMLA,BJP,FEMALE,SCW
776,JAIPUR,JAIPUR,66,OBCW,SANTOSH SAINI,BJP,FEMALE,OBCW
777,JAIPUR,JAIPUR,67,GEN,NAWAB ALI,IND,MALE,GEN
778,JAIPUR,JAIPUR,68,OBC,RAMESH SINGH CHOUHAN,BJP,MALE,OBC
779,JAIPUR,JAIPUR,69,OBCW,ROSHAN,INC,FEMALE,OBCW
780,JAIPUR,JAIPUR,70,SC,KAILASH CHAND,BJP,MALE,SC
781,JAIPUR,JAIPUR,71,OBC,LALCHAND DEVNANI,INC,MALE,OBC
782,JAIPUR,JAIPUR,72,GENW,LATA BHARGAVA,INC,FEMALE,GENW
783,JAIPUR,JAIPUR,73,GEN,MOHAMMED ASLAM FAROOKI,IND,MALE,GEN
784,JAIPUR,JAIPUR,74,GENW,ANITA JAIN,BJP,FEMALE,GENW
785,JAIPUR,JAIPUR,75,GENW,KAVITA MISHRA,INC,FEMALE,GENW
786,JAIPUR,JAIPUR,76,GENW,MOHINI MISHRA,BJP,FEMALE,GENW
787,JAIPUR,JAIPUR,77,GENW,VIJAY LAXMI PAREEK,BJP,FEMALE,GENW
788,JAISELMER,JAISELMER,1,GENW,SUMAN KANWAR,INC,FEMALE,GENW
789,JAISELMER,JAISELMER,2,OBC,KHIV SINGH,INC,MALE,OBC
790,JAISELMER,JAISELMER,3,OBCW,SAYARO,INC,FEMALE,OBCW
791,JAISELMER,JAISELMER,4,GENW,PRABHA,INC,FEMALE,GENW
792,JAISELMER,JAISELMER,5,GENW,ARUNA,INC,FEMALE,OBCW
793,JAISELMER,JAISELMER,6,GEN,GOPAL SINGH,IND,MALE,OBC
794,JAISELMER,JAISELMER,7,GENW,SHANTI DEVI,INC,FEMALE,GENW
795,JAISELMER,JAISELMER,8,GEN,ANAND KUMAR,IND,MALE,GEN
796,JAISELMER,JAISELMER,9,GEN,GIRISH KUMAR,INC,MALE,GEN
797,JAISELMER,JAISELMER,10,OBC,MEENA DEVI,BJP,FEMALE,OBCW
798,JAISELMER,JAISELMER,11,GEN,ANAND KUMAR,INC,MALE,GEN
799,JAISELMER,JAISELMER,12,GEN,PRATAP CHAND,INC,MALE,GEN
800,JAISELMER,JAISELMER,13,SC,KHETU DEVI,INC,FEMALE,SCW
801,JAISELMER,JAISELMER,14,SC,DALPAT RAM,BJP,MALE,SC
802,JAISELMER,JAISELMER,15,GENW,VIMLA DEVI,BJP,FEMALE,GENW
803,JAISELMER,JAISELMER,16,GENW,NISHA,INC,FEMALE,GENW
804,JAISELMER,JAISELMER,17,GENW,SAMADHA,INC,FEMALE,OBCW
805,JAISELMER,JAISELMER,18,OBCW,GAWARI,IND,FEMALE,OBCW
806,JAISELMER,JAISELMER,19,OBC,NARSINGH,INC,MALE,OBC
807,JAISELMER,JAISELMER,20,GENW,PREM,INC,FEMALE,GENW
808,JAISELMER,JAISELMER,21,GENW,REKHA KANWAR,BJP,FEMALE,GENW
809,JAISELMER,JAISELMER,22,GEN,HARI SINGH,BJP,MALE,GEN
810,JAISELMER,JAISELMER,23,GEN,MEGHRAJ SINGH,INC,MALE,GEN
811,JAISELMER,JAISELMER,24,GEN,MAGA RAM,BJP,MALE,OBC
812,JAISELMER,JAISELMER,25,OBCW,PUSHPA,BJP,FEMALE,OBCW
813,JAISELMER,JAISELMER,26,SCW,DARIYA,INC,FEMALE,SCW
814,JAISELMER,JAISELMER,27,ST,NATHU URF KHANGAR RAM,IND,MALE,ST
815,JAISELMER,JAISELMER,28,GEN,UGAM SINGH,INC,MALE,GEN
816,JAISELMER,JAISELMER,29,GENW,MOOL KANWAR,IND,FEMALE,OBCW
817,JAISELMER,JAISELMER,30,GEN,JAGDISH,INC,MALE,GEN
818,JALORE,BHINMAL,1,OBCW,SUNDAR,INC,FEMALE,OBCW
819,JALORE,BHINMAL,2,GEN,SHANKAR LAL,INC,MALE,GEN
820,JALORE,BHINMAL,3,GENW,VIMLA DEVI,IND,FEMALE,GENW
821,JALORE,BHINMAL,4,SCW,REKHA,INC,FEMALE,SCW
822,JALORE,BHINMAL,5,OBC,MANGAL CHAND,BJP,MALE,OBC
823,JALORE,BHINMAL,6,GENW,LALITA DEVI,BJP,FEMALE,GENW
824,JALORE,BHINMAL,7,GENW,SAROJ BAFNA,BJP,FEMALE,GENW
825,JALORE,BHINMAL,8,GENW,SHANTI DEVI,BJP,FEMALE,GENW
826,JALORE,BHINMAL,9,GEN,DINESH KUMAR,BJP,MALE,OBC
827,JALORE,BHINMAL,10,GENW,BABITA DEVI,INC,FEMALE,OBCW
828,JALORE,BHINMAL,11,GEN,PRABHI,IND,FEMALE,OBCW
829,JALORE,BHINMAL,12,GENW,BASANTI DEVI,BJP,FEMALE,OBCW
830,JALORE,BHINMAL,13,GEN,BABULAL PUROHIT,BJP,MALE,GEN
831,JALORE,BHINMAL,14,GENW,PREMLATA,IND,FEMALE,GENW
832,JALORE,BHINMAL,15,OBC,JAIRUPA RAM,BJP,MALE,OBC
833,JALORE,BHINMAL,16,GEN,DINESH,BJP,MALE,GEN
834,JALORE,BHINMAL,17,GEN,SURENDRAPAL SINGH DEORA,INC,MALE,GEN
835,JALORE,BHINMAL,18,GEN,SURABH SINGH,BJP,MALE,GEN
836,JALORE,BHINMAL,19,ST,MANSHA RAM URF MANCHHARAM,BJP,MALE,ST
837,JALORE,BHINMAL,20,OBCW,DEBU BANU,IND,FEMALE,OBCW
838,JALORE,BHINMAL,21,OBC,HAKIM KHAN,INC,MALE,OBC
839,JALORE,BHINMAL,22,SC,LAL CHAND,INC,MALE,SC
840,JALORE,BHINMAL,23,SCW,LEELA DEVI,INC,FEMALE,SCW
841,JALORE,BHINMAL,24,SC,VENARAM SUKHADIYA,BJP,MALE,SC
842,JALORE,BHINMAL,25,GEN,JAI SINGH,IND,MALE,OBC
843,JALORE,JALORE,1,SCW,SHANTI DEVI,INC,FEMALE,SCW
844,JALORE,JALORE,2,GENW,MUNNI DEVI,BJP,FEMALE,GENW
845,JALORE,JALORE,3,GENW,PINKI,BJP,FEMALE,GENW
846,JALORE,JALORE,4,OBCW,SHARDA DEVI,IND,FEMALE,OBCW
847,JALORE,JALORE,5,OBCW,SHOBHA DEVI,INC,FEMALE,OBCW
848,JALORE,JALORE,6,GEN,VAIDULLA KHAN,INC,MALE,GEN
849,JALORE,JALORE,7,GEN,GAUTAM,BJP,MALE,GEN
850,JALORE,JALORE,8,GENW,MANJU DEVI,BJP,FEMALE,GENW
851,JALORE,JALORE,9,GEN,ISHWAR MEHTA,INC,MALE,GEN
852,JALORE,JALORE,10,OBC,JAGDISH,BJP,MALE,OBC
853,JALORE,JALORE,11,GEN,RAKESH KUMAR,BJP,MALE,GEN
854,JALORE,JALORE,12,GENW,RASIDA BANU,INC,FEMALE,GENW
855,JALORE,JALORE,13,GEN,MUMTAJ ALI,INC,MALE,GEN
856,JALORE,JALORE,14,GEN,MAHENDRA AGARWAL,INC,MALE,GEN
857,JALORE,JALORE,15,SCW,DHAPOO DEVI,BJP,FEMALE,SCW
858,JALORE,JALORE,16,SC,DURGA RAM,BJP,MALE,SC
859,JALORE,JALORE,17,GEN,YOGESH KUMAR DAVE,IND,MALE,GEN
860,JALORE,JALORE,18,ST,GAJA RAM,INC,MALE,ST
861,JALORE,JALORE,19,GENW,LALITA DEVI,BJP,FEMALE,GENW
862,JALORE,JALORE,20,STW,DARIYA DEVI,INC,FEMALE,STW
863,JALORE,JALORE,21,SCW,SOMTI PARIHAR,INC,FEMALE,SCW
864,JALORE,JALORE,22,SC,PHOOLCHAND,BJP,MALE,SC
865,JALORE,JALORE,23,GEN,PREM SINGH,INC,MALE,GEN
866,JALORE,JALORE,24,OBC,SURENDRA KUMAR,INC,MALE,OBC
867,JALORE,JALORE,25,SC,JOGA RAM SARGARA,INC,MALE,SC
868,JALORE,JALORE,26,OBC,NAVEEN MEWARA,INC,MALE,OBC
869,JALORE,JALORE,27,GENW,MANJU,BJP,FEMALE,GENW
870,JALORE,JALORE,28,GENW,PONI DEVI,BJP,FEMALE,OBCW
871,JALORE,JALORE,29,OBCW,JUBEDA,INC,FEMALE,OBCW
872,JALORE,JALORE,30,GENW,VARSHA DAVE,BJP,FEMALE,GENW
873,JHUNJHUNU,BISAU,1,GENW,JAHIDA,IND,FEMALE,GENW
874,JHUNJHUNU,BISAU,2,OBCW,HAJRA,INC,FEMALE,OBCW
875,JHUNJHUNU,BISAU,3,GEN,ARPHAT,INC,MALE,OBC
876,JHUNJHUNU,BISAU,4,OBCW,SUPAYAR,IND,FEMALE,OBCW
877,JHUNJHUNU,BISAU,5,GEN,MOHAMMED SALIM,IND,MALE,GEN
878,JHUNJHUNU,BISAU,6,GEN,CHOUTHMAL,INC,MALE,OBC
879,JHUNJHUNU,BISAU,7,GENW,BIMALA,INC,FEMALE,GENW
880,JHUNJHUNU,BISAU,8,GEN,ABDUL SATAR,INC,MALE,GEN
881,JHUNJHUNU,BISAU,9,GEN,KAPILESH,BJP,MALE,GEN
882,JHUNJHUNU,BISAU,10,OBC,JADISH PARASAD,IND,MALE,OBC
883,JHUNJHUNU,BISAU,11,GENW,MANJU,BJP,FEMALE,GENW
884,JHUNJHUNU,BISAU,12,GENW,SUMITRA DEVI,BJP,FEMALE,GENW
885,JHUNJHUNU,BISAU,13,GEN,SHARBATI DEVI,INC,FEMALE,GENW
886,JHUNJHUNU,BISAU,14,SC,RAKESH,BJP,MALE,SC
887,JHUNJHUNU,BISAU,15,GEN,RAMAWATAR,BJP,MALE,GEN
888,JHUNJHUNU,BISAU,16,GENW,KANTA,BJP,FEMALE,GENW
889,JHUNJHUNU,BISAU,17,GENW,MUMTAJ / MOHAMMED HABIB,IND,FEMALE,GENW
890,JHUNJHUNU,BISAU,18,SCW,SHANTI DEVI,BJP,FEMALE,SCW
891,JHUNJHUNU,BISAU,19,OBC,YAKUB,INC,MALE,OBC
892,JHUNJHUNU,BISAU,20,GENW,SUMAN,BJP,FEMALE,GENW
893,JHUNJHUNU,JHUNJHUNU,1,SCW,PREM @ PREM DEVI,INC,FEMALE,SCW
894,JHUNJHUNU,JHUNJHUNU,2,GENW,PRABEEN,INC,FEMALE,OBCW
895,JHUNJHUNU,JHUNJHUNU,3,GEN,KHURSHID,INC,MALE,GEN
896,JHUNJHUNU,JHUNJHUNU,4,GEN,MANPHOOL SINGH,IND,MALE,OBC
897,JHUNJHUNU,JHUNJHUNU,5,GENW,INDIRA,INC,FEMALE,OBCW
898,JHUNJHUNU,JHUNJHUNU,6,OBCW,KALPANA,BJP,FEMALE,OBCW
899,JHUNJHUNU,JHUNJHUNU,7,GENW,SUMAN,IND,FEMALE,OBCW
900,JHUNJHUNU,JHUNJHUNU,8,GEN,MANOJ,BJP,MALE,OBC
901,JHUNJHUNU,JHUNJHUNU,9,GENW,SUMAN,IND,FEMALE,OBCW
902,JHUNJHUNU,JHUNJHUNU,10,GENW,BIMLA BENIWAL,INC,FEMALE,OBCW
903,JHUNJHUNU,JHUNJHUNU,11,GENW,BIMLA,IND,FEMALE,OBCW
904,JHUNJHUNU,JHUNJHUNU,12,OBC,RAJESH,BJP,MALE,OBC
905,JHUNJHUNU,JHUNJHUNU,13,GENW,SHAMIM,IND,FEMALE,GENW
906,JHUNJHUNU,JHUNJHUNU,14,GENW,RAHAMAT BANO,INC,FEMALE,OBCW
907,JHUNJHUNU,JHUNJHUNU,15,GENW,SHAKILA,INC,FEMALE,GENW
908,JHUNJHUNU,JHUNJHUNU,16,GEN,MUMTAJ,INC,MALE,OBC
909,JHUNJHUNU,JHUNJHUNU,17,SC,DALEEP,INC,MALE,SC
910,JHUNJHUNU,JHUNJHUNU,18,GEN,AJAMAT ALI,INC,MALE,OBC
911,JHUNJHUNU,JHUNJHUNU,19,GEN,MATADEEN TEEBRA,BJP,MALE,GEN
912,JHUNJHUNU,JHUNJHUNU,20,SC,MAHESH,BJP,MALE,SC
913,JHUNJHUNU,JHUNJHUNU,21,OBC,MAKBUL HUSSAIN,INC,MALE,OBC
914,JHUNJHUNU,JHUNJHUNU,22,GEN,MD. SAFIK,INC,MALE,OBC
915,JHUNJHUNU,JHUNJHUNU,23,SCW,BHANWARI DEVI,INC,FEMALE,SCW
916,JHUNJHUNU,JHUNJHUNU,24,GEN,SUDHA PANWAR,BJP,FEMALE,OBCW
917,JHUNJHUNU,JHUNJHUNU,25,OBC,TARACHAND,INC,MALE,OBC
918,JHUNJHUNU,JHUNJHUNU,26,OBCW,ANITA,BJP,FEMALE,OBCW
919,JHUNJHUNU,JHUNJHUNU,27,GENW,SAMREEN BANO,INC,FEMALE,OBCW
920,JHUNJHUNU,JHUNJHUNU,28,GENW,ULFAT,INC,FEMALE,OBCW
921,JHUNJHUNU,JHUNJHUNU,29,GEN,JULFIKAR KHOKHAR,IND,MALE,GEN
922,JHUNJHUNU,JHUNJHUNU,30,OBC,JAHID ALI KHOKHAR,IND,MALE,OBC
923,JHUNJHUNU,JHUNJHUNU,31,GEN,TAIYAB ALI,INC,MALE,OBC
924,JHUNJHUNU,JHUNJHUNU,32,GENW,IRAMNAJ,INC,FEMALE,OBCW
925,JHUNJHUNU,JHUNJHUNU,33,GEN,AYUB ALI,INC,MALE,OBC
926,JHUNJHUNU,JHUNJHUNU,34,GEN,MD. IKRAM,IND,MALE,OBC
927,JHUNJHUNU,JHUNJHUNU,35,OBCW,NAZMEEN,INC,FEMALE,OBCW
928,JHUNJHUNU,JHUNJHUNU,36,GEN,KANHAIYA LAL VERMA,IND,MALE,OBC
929,JHUNJHUNU,JHUNJHUNU,37,SC,LAXMAN,BJP,MALE,SC
930,JHUNJHUNU,JHUNJHUNU,38,GENW,USHA DEVI,IND,FEMALE,GENW
931,JHUNJHUNU,JHUNJHUNU,39,GEN,AJAY TIWARI,BJP,MALE,GEN
932,JHUNJHUNU,JHUNJHUNU,40,GEN,CHANDRABHAN,INC,MALE,GEN
933,JHUNJHUNU,JHUNJHUNU,41,GEN,PRADEEP KUMAR,BSP,MALE,OBC
934,JHUNJHUNU,JHUNJHUNU,42,OBC,BAJRANG LAL,BJP,MALE,OBC
935,JHUNJHUNU,JHUNJHUNU,43,GENW,MUNNI,BJP,FEMALE,OBCW
936,JHUNJHUNU,JHUNJHUNU,44,GENW,RAJKUMARI PANDEY,BJP,FEMALE,GENW
937,JHUNJHUNU,JHUNJHUNU,45,OBCW,AMEENA,INC,FEMALE,OBCW
938,JHUNJHUNU,PILANI,1,OBC,JAGMAL SINGH,BJP,MALE,OBC
939,JHUNJHUNU,PILANI,2,OBCW,MUNNI,INC,FEMALE,OBCW
940,JHUNJHUNU,PILANI,3,GENW,KHATUN,IND,FEMALE,GENW
941,JHUNJHUNU,PILANI,4,OBC,SUMER SINGH SWAMI,IND,MALE,OBC
942,JHUNJHUNU,PILANI,5,SCW,MANI DEVI,IND,FEMALE,SCW
943,JHUNJHUNU,PILANI,6,GEN,VIKAS RUNTHALA,IND,MALE,GEN
944,JHUNJHUNU,PILANI,7,GEN,KISHAN BHOMIYA,IND,MALE,GEN
945,JHUNJHUNU,PILANI,8,OBCW,YASHODA,IND,FEMALE,OBCW
946,JHUNJHUNU,PILANI,9,GENW,DURGA DEVI,IND,FEMALE,GENW
947,JHUNJHUNU,PILANI,10,SC,PRADEEP,IND,MALE,SC
948,JHUNJHUNU,PILANI,11,GENW,URMILA,IND,FEMALE,GENW
949,JHUNJHUNU,PILANI,12,GENW,KAUSHALYA,IND,FEMALE,GENW
950,JHUNJHUNU,PILANI,13,GEN,SUGAN SINGH,IND,MALE,GEN
951,JHUNJHUNU,PILANI,14,GENW,SULOCHANA DEVI,IND,FEMALE,GENW
952,JHUNJHUNU,PILANI,15,GEN,PRADEEP KUMAR,IND,MALE,GEN
953,JHUNJHUNU,PILANI,16,GEN,RAJESH,IND,MALE,GEN
954,JHUNJHUNU,PILANI,17,GEN,KSHAMA,IND,FEMALE,GENW
955,JHUNJHUNU,PILANI,18,GEN,RATAN,IND,MALE,OBC
956,JHUNJHUNU,PILANI,19,SC,DEEPAK VERMA,IND,MALE,SC
957,JHUNJHUNU,PILANI,20,SCW,MAYA,IND,FEMALE,SCW
958,JHUNJHUNU,PILANI,21,GEN,MUKESH,IND,MALE,GEN
959,JHUNJHUNU,PILANI,22,GENW,VEENA DEVI,IND,FEMALE,GENW
960,JHUNJHUNU,PILANI,23,GENW,SHANTI,IND,FEMALE,GENW
961,JHUNJHUNU,PILANI,24,SC,KAILASH CHANDRA,INC,MALE,SC
962,JHUNJHUNU,PILANI,25,OBC,TARACHAND,IND,MALE,OBC
963,JODHPUR,JODHPUR,1,GEN,KHOOM SINGH,BJP,MALE,GEN
964,JODHPUR,JODHPUR,2,GEN,SURENDRA KUMAR,INC,MALE,OBC
965,JODHPUR,JODHPUR,3,GEN,RAM SINGH,IND,MALE,GEN
966,JODHPUR,JODHPUR,4,ST,CHAND,INC,MALE,ST
967,JODHPUR,JODHPUR,5,GEN,GOVIND PARIHAR,IND,MALE,OBC
968,JODHPUR,JODHPUR,6,GEN,RAJENDRA,BJP,MALE,GEN
969,JODHPUR,JODHPUR,7,GENW,SUNITA,BJP,FEMALE,GENW
970,JODHPUR,JODHPUR,8,GEN,SATYA NARAYAN,BJP,MALE,GEN
971,JODHPUR,JODHPUR,9,OBCW,MEEMA DEVI,INC,FEMALE,OBCW
972,JODHPUR,JODHPUR,10,GENW,ANJU,BJP,FEMALE,GENW
973,JODHPUR,JODHPUR,11,GENW,NIRMALA DEVI,BJP,FEMALE,GENW
974,JODHPUR,JODHPUR,12,SCW,POONAM,INC,FEMALE,SCW
975,JODHPUR,JODHPUR,13,SC,LEELADHAR,INC,MALE,SC
976,JODHPUR,JODHPUR,14,GENW,AMITA,BJP,FEMALE,GENW
977,JODHPUR,JODHPUR,15,GEN,NISAR AHMAD,IND,MALE,OBC
978,JODHPUR,JODHPUR,16,OBC,SAHABUDIN,INC,MALE,OBC
979,JODHPUR,JODHPUR,17,OBC,GANESH BIJANI,BJP,MALE,OBC
980,JODHPUR,JODHPUR,18,SC,CHHAGAN LAL,INC,MALE,SC
981,JODHPUR,JODHPUR,19,GENW,SAJIDA,INC,FEMALE,GENW
982,JODHPUR,JODHPUR,20,SCW,SUSHILA DEVI,BJP,FEMALE,SCW
983,JODHPUR,JODHPUR,21,OBCW,SANTOSH,INC,FEMALE,OBCW
984,JODHPUR,JODHPUR,22,OBCW,TAPASYA,INC,FEMALE,OBCW
985,JODHPUR,JODHPUR,23,GENW,DEEPMALA SINGHVI,BJP,FEMALE,GENW
986,JODHPUR,JODHPUR,24,GEN,OMKAR,INC,MALE,GEN
987,JODHPUR,JODHPUR,25,GENW,VIMALA,INC,FEMALE,OBCW
988,JODHPUR,JODHPUR,26,GENW,MATHURA DEVI,BJP,FEMALE,GENW
989,JODHPUR,JODHPUR,27,GENW,SANGEETA BENIWAL,INC,FEMALE,GENW
990,JODHPUR,JODHPUR,28,GENW,KANCHAN SOLANKI,BJP,FEMALE,OBCW
991,JODHPUR,JODHPUR,29,GEN,ROSHAN,INC,MALE,OBC
992,JODHPUR,JODHPUR,30,GENW,SUBH LAXMI,INC,FEMALE,GENW
993,JODHPUR,JODHPUR,31,GENW,RAMA DEVI,BJP,FEMALE,GENW
994,JODHPUR,JODHPUR,32,GENW,GEETA,BJP,FEMALE,GENW
995,JODHPUR,JODHPUR,33,OBC,SANJAY DAIYA,BJP,MALE,OBC
996,JODHPUR,JODHPUR,34,OBC,KRIPARAM,BJP,MALE,OBC
997,JODHPUR,JODHPUR,35,GEN,NYAJ MOHAMMAD,INC,MALE,GEN
998,JODHPUR,JODHPUR,36,GEN,NIRMAL,BJP,MALE,GEN
999,JODHPUR,JODHPUR,37,GENW,FARJANA CHOUHAN,INC,FEMALE,OBCW
1000,JODHPUR,JODHPUR,38,GENW,SMITA,BJP,FEMALE,GENW
1001,JODHPUR,JODHPUR,39,GEN,VIRENDRA,IND,MALE,GEN
1002,JODHPUR,JODHPUR,40,GENW,SURENDRA KANWAR,INC,FEMALE,OBCW
1003,JODHPUR,JODHPUR,41,OBC,PARDEEP,BJP,MALE,OBC
1004,JODHPUR,JODHPUR,42,SC,LAXMAN,INC,MALE,SC
1005,JODHPUR,JODHPUR,43,GEN,RAJ KUMAR,INC,MALE,GEN
1006,JODHPUR,JODHPUR,44,OBCW,SALJA,INC,FEMALE,OBCW
1007,JODHPUR,JODHPUR,45,OBCW,RASIDA BANO,BJP,FEMALE,OBCW
1008,JODHPUR,JODHPUR,46,OBCW,JUBEDA,BJP,FEMALE,OBCW
1009,JODHPUR,JODHPUR,47,GEN,IRSAAD ALI,INC,MALE,GEN
1010,JODHPUR,JODHPUR,48,OBCW,SAMEEM,INC,FEMALE,OBCW
1011,JODHPUR,JODHPUR,49,GEN,SHAR MO.,IND,MALE,OBC
1012,JODHPUR,JODHPUR,50,GEN,ABDUL KAREEM,INC,MALE,OBC
1013,JODHPUR,JODHPUR,51,GENW,ANJU CHOUHAN,INC,FEMALE,GENW
1014,JODHPUR,JODHPUR,52,SC,THAVER DAS,INC,MALE,SC
1015,JODHPUR,JODHPUR,53,SCW,SAYARI DEVI,INC,FEMALE,SCW
1016,JODHPUR,JODHPUR,54,SCW,BEBY,INC,FEMALE,SCW
1017,JODHPUR,JODHPUR,55,GEN,NAINSINGH GEHLOT,INC,MALE,GEN
1018,JODHPUR,JODHPUR,56,GEN,RAM SINGH,INC,MALE,GEN
1019,JODHPUR,JODHPUR,57,GEN,AIDANRAM,INC,MALE,OBC
1020,JODHPUR,JODHPUR,58,GENW,NAINKANWAR,BJP,FEMALE,GENW
1021,JODHPUR,JODHPUR,59,GENW,PURNIMA PURI,INC,FEMALE,OBCW
1022,JODHPUR,JODHPUR,60,OBC,SHAKUR GORI,INC,MALE,OBC
1023,JODHPUR,JODHPUR,61,OBC,NARSINGH,INC,MALE,OBC
1024,JODHPUR,JODHPUR,62,GEN,KISHOR SINGH,IND,MALE,GEN
1025,JODHPUR,JODHPUR,63,GENW,SHASHIKALA,INC,FEMALE,OBCW
1026,JODHPUR,JODHPUR,64,GEN,MAYANK DEORA,INC,MALE,OBC
1027,JODHPUR,JODHPUR,65,GENW,JYOTI SOLANKI,INC,FEMALE,OBCW
1028,JODHPUR,PHALODI,1,GEN,SHRIGOPAL,INC,MALE,GEN
1029,JODHPUR,PHALODI,2,SC,SANTOSH,IND,FEMALE,SCW
1030,JODHPUR,PHALODI,3,GEN,GANGADASS,BJP,MALE,OBC
1031,JODHPUR,PHALODI,4,GENW,PUSHPA DEVI,BJP,FEMALE,OBCW
1032,JODHPUR,PHALODI,5,GEN,PANNALAL,IND,MALE,GEN
1033,JODHPUR,PHALODI,6,GENW,BHGAWATI VYAS,BJP,FEMALE,GENW
1034,JODHPUR,PHALODI,7,GENW,ARUNA DEVI,BJP,FEMALE,GENW
1035,JODHPUR,PHALODI,8,OBC,NAVNARAYAN SONI,BJP,MALE,OBC
1036,JODHPUR,PHALODI,9,OBCW,BALIYA DEVI,BJP,FEMALE,OBCW
1037,JODHPUR,PHALODI,10,GENW,ARATI,BJP,FEMALE,GENW
1038,JODHPUR,PHALODI,11,GEN,SANTILAL,IND,MALE,GEN
1039,JODHPUR,PHALODI,12,OBCW,MAN KANWAR,BJP,FEMALE,OBCW
1040,JODHPUR,PHALODI,13,GENW,KASHTOORI,BJP,FEMALE,GENW
1041,JODHPUR,PHALODI,14,GENW,SOBHA,BJP,FEMALE,GENW
1042,JODHPUR,PHALODI,15,GENW,MEENA,BJP,FEMALE,GENW
1043,JODHPUR,PHALODI,16,SCW,PUSHPA,INC,FEMALE,SCW
1044,JODHPUR,PHALODI,17,GEN,ASHOK KUMAR,INC,MALE,GEN
1045,JODHPUR,PHALODI,18,GEN,RAMESH KUMAR,INC,MALE,GEN
1046,JODHPUR,PHALODI,19,OBC,MANAKLAL,BJP,MALE,OBC
1047,JODHPUR,PHALODI,20,GENW,TARADEVI,BJP,FEMALE,GENW
1048,JODHPUR,PHALODI,21,GEN,OM PRAKASH,BJP,MALE,GEN
1049,JODHPUR,PHALODI,22,OBCW,SARSWATI,BJP,FEMALE,OBCW
1050,JODHPUR,PHALODI,23,GEN,GOPAL SINGH,INC,MALE,OBC
1051,JODHPUR,PHALODI,24,GEN,JANKILAL,INC,MALE,GEN
1052,JODHPUR,PHALODI,25,GEN,SIKANDAR,BJP,MALE,OBC
1053,JODHPUR,PHALODI,26,OBC,HAMID HAJI,IND,MALE,OBC
1054,JODHPUR,PHALODI,27,SCW,KAMLA,INC,FEMALE,SCW
1055,JODHPUR,PHALODI,28,SC,MANGILAL,INC,MALE,SC
1056,JODHPUR,PHALODI,29,GENW,MANJU,BJP,FEMALE,GENW
1057,JODHPUR,PHALODI,30,GENW,HEERON,IND,FEMALE,OBCW
1058,KOT A,KAITHOON,1,SCW,JASODA BAI,IND,FEMALE,SCW
1059,KOT A,KAITHOON,2,OBC,NASEEM AKHTAR,BJP,FEMALE,OBCW
1060,KOT A,KAITHOON,3,GEN,NASIR HUSSAIN,INC,MALE,OBC
1061,KOT A,KAITHOON,4,GENW,MUNSHAD BANO,BJP,FEMALE,GENW
1062,KOT A,KAITHOON,5,GEN,ASGAR HUSAIN,INC,MALE,OBC
1063,KOT A,KAITHOON,6,OBCW,FIROZA BEGAM,INC,FEMALE,OBCW
1064,KOT A,KAITHOON,7,GENW,SAIDA BANO,IND,FEMALE,OBCW
1065,KOT A,KAITHOON,8,OBC,MOHD. ILIYAS,BJP,MALE,OBC
1066,KOT A,KAITHOON,9,GENW,MOBIN,INC,FEMALE,GENW
1067,KOT A,KAITHOON,10,SC,RAM GOPAL,INC,MALE,SC
1068,KOT A,KAITHOON,11,OBCW,KANTI BAI,BJP,FEMALE,OBCW
1069,KOT A,KAITHOON,12,GEN,SANJAY,BJP,MALE,GEN
1070,KOT A,KAITHOON,13,GEN,AKHTAR HUSSAIN,BJP,MALE,GEN
1071,KOT A,KAITHOON,14,GENW,RAZIYA BANO,INC,FEMALE,OBCW
1072,KOT A,KAITHOON,15,GENW,KAUSHALYA BAI,BJP,FEMALE,GENW
1073,KOT A,KAITHOON,16,GEN,DEEN DAYAL SONI,INC,MALE,GEN
1074,KOT A,KAITHOON,17,GENW,URMILA SONI,INC,FEMALE,OBCW
1075,KOT A,KAITHOON,18,GEN,GHANSHYAM,INC,MALE,SC
1076,KOT A,KAITHOON,19,GENW,AAINA MAHAK,INC,FEMALE,GENW
1077,KOT A,KAITHOON,20,GEN,ABDUL SATTAR,IND,MALE,GEN
1078,KOT A,KOT A,1,GENW,RANI BAI VYAS,INC,FEMALE,GENW
1079,KOT A,KOT A,2,GENW,SHEELU VIJAYVARGIYA,INC,FEMALE,GENW
1080,KOT A,KOT A,3,OBCW,AYODHYA,INC,FEMALE,OBCW
1081,KOT A,KOT A,4,STW,ASHA MEENA,INC,FEMALE,STW
1082,KOT A,KOT A,5,ST,PAWAN KUMAR MEENA,INC,MALE,ST
1083,KOT A,KOT A,6,GEN,JITENDRA SINGH,IND,MALE,GEN
1084,KOT A,KOT A,7,GENW,RAKHI GAUTAM,INC,FEMALE,GENW
1085,KOT A,KOT A,8,SCW,GHISI BAI,INC,FEMALE,SCW
1086,KOT A,KOT A,9,GENW,RAJIYA PATHAN,IND,FEMALE,GENW
1087,KOT A,KOT A,10,GEN,BHUPENDRA DHAKAR,INC,MALE,GEN
1088,KOT A,KOT A,11,OBC,GOPAL RAM MANDA,IND,MALE,OBC
1089,KOT A,KOT A,12,GENW,GEETA SHARMA,INC,FEMALE,GENW
1090,KOT A,KOT A,13,OBC,BRIJ MOHAN SEN,BJP,MALE,OBC
1091,KOT A,KOT A,14,OBC,DEVENDRA CHAUDHARI (MAMA),INC,MALE,OBC
1092,KOT A,KOT A,15,GENW,KUSUM SHARMA,BJP,FEMALE,GENW
1093,KOT A,KOT A,16,SC,ROHIT,INC,MALE,SC
1094,KOT A,KOT A,17,GENW,POOJA RAJVANSHI,IND,FEMALE,GENW
1095,KOT A,KOT A,18,OBC,AMOLAK DEVI,INC,FEMALE,OBCW
1096,KOT A,KOT A,19,OBCW,RIA CHAURASIA,BJP,FEMALE,OBCW
1097,KOT A,KOT A,20,OBC,GYAN YADAV,INC,MALE,OBC
1098,KOT A,KOT A,21,GEN,HAZI A.SHARIF,INC,MALE,GEN
1099,KOT A,KOT A,22,OBCW,SURAJ KALA,INC,FEMALE,OBCW
1100,KOT A,KOT A,23,OBCW,JAMNA BAI,INC,FEMALE,OBCW
1101,KOT A,KOT A,24,GEN,JASPAL ARORA (BITTU),IND,MALE,GEN
1102,KOT A,KOT A,25,GEN,SABIR BHATI,BJP,MALE,GEN
1103,KOT A,KOT A,26,GEN,ISHWAR GAMBHIR,INC,MALE,GEN
1104,KOT A,KOT A,27,GENW,REHANA,INC,FEMALE,GENW
1105,KOT A,KOT A,28,OBC,MAHIPAL SINGH,INC,MALE,OBC
1106,KOT A,KOT A,29,GEN,JIGNESH SHAH,INC,MALE,GEN
1107,KOT A,KOT A,30,SC,NARENDRA,INC,MALE,SC
1108,KOT A,KOT A,31,SCW,RAM MURTI,INC,FEMALE,SCW
1109,KOT A,KOT A,32,SC,DEEPAK BANSHIWAL,INC,MALE,SC
1110,KOT A,KOT A,33,SC,GIRIRAJ,BJP,MALE,SC
1111,KOT A,KOT A,34,GENW,MANJU AGRWAL,INC,FEMALE,GENW
1112,KOT A,KOT A,35,GENW,SHARANJEET KAUR,BJP,FEMALE,GENW
1113,KOT A,KOT A,36,OBCW,SHAKILA ANSARI,INC,FEMALE,OBCW
1114,KOT A,KOT A,37,GEN,MUKESH GAMBHIR (MUKKU),INC,MALE,GEN
1115,KOT A,KOT A,38,OBCW,PADMA DEVI,BJP,FEMALE,OBCW
1116,KOT A,KOT A,39,GENW,GAYATRI,INC,FEMALE,GENW
1117,KOT A,KOT A,40,GEN,ROOP CHAND,INC,MALE,OBC
1118,KOT A,KOT A,41,SCW,VIMALA BAI,IND,FEMALE,SCW
1119,KOT A,KOT A,42,GEN,LAXMI NARAYAN MALAV,INC,MALE,GEN
1120,KOT A,KOT A,43,GENW,NEETU SAXENA,INC,FEMALE,GENW
1121,KOT A,KOT A,44,SC,BADARI LAL,INC,MALE,SC
1122,KOT A,KOT A,45,OBC,MOHAMMAD BASHEER,INC,MALE,OBC
1123,KOT A,KOT A,46,GEN,RAM MOHAN MITRA,IND,MALE,GEN
1124,KOT A,KOT A,47,GENW,DHAN KANWAR,IND,FEMALE,SCW
1125,KOT A,KOT A,48,GEN,ASHISH JAIN,INC,MALE,GEN
1126,KOT A,KOT A,49,GEN,OM PRAKASH,INC,MALE,GEN
1127,KOT A,KOT A,50,GEN,MOHAMMAD IMRAN,INC,MALE,GEN
1128,KOT A,KOT A,51,GENW,RUKHSANA,INC,FEMALE,GENW
1129,KOT A,KOT A,52,GENW,MANJU LATA MEHRA,INC,FEMALE,SCW
1130,KOT A,KOT A,53,GENW,LALITA JAIN,BJP,FEMALE,GENW
1131,KOT A,KOT A,54,GEN,ANAND PATNI,INC,MALE,GEN
1132,KOT A,KOT A,55,SCW,RENU NARWARA,INC,FEMALE,SCW
1133,KOT A,KOT A,56,GENW,USHA THAKUR,INC,FEMALE,GENW
1134,KOT A,KOT A,57,GENW,ASHA CHATURVEDI,BJP,FEMALE,GENW
1135,KOT A,KOT A,58,GEN,RAKESH SORAL,INC,MALE,GEN
1136,KOT A,KOT A,59,GEN,HARI SINGH,INC,MALE,GEN
1137,KOT A,KOT A,60,GEN,RAJESH CHATURVEDI (TINNU),INC,MALE,GEN
1138,KOT A,SANGOD,1,GEN,DINESH KUMAR,INC,MALE,OBC
1139,KOT A,SANGOD,2,GEN,ASHFAQ AHMED,INC,MALE,OBC
1140,KOT A,SANGOD,3,GENW,RUKSANA BEGAM MIRZA,INC,FEMALE,OBCW
1141,KOT A,SANGOD,4,GEN,MOHAMMAD SHAHID,INC,MALE,OBC
1142,KOT A,SANGOD,5,GEN,ABDUL KADEER,BJP,MALE,OBC
1143,KOT A,SANGOD,6,OBCW,NISHA SONI,BJP,FEMALE,OBCW
1144,KOT A,SANGOD,7,GEN,BRIJBIHARI,BJP,MALE,OBC
1145,KOT A,SANGOD,8,GEN,KRISHAN KUMAR,BJP,MALE,GEN
1146,KOT A,SANGOD,9,GENW,RUBINA BEGAM,IND,FEMALE,GENW
1147,KOT A,SANGOD,10,GENW,LAXMI BAI,BJP,FEMALE,SCW
1148,KOT A,SANGOD,11,GEN,ARVIND CHAURASIA,BJP,MALE,OBC
1149,KOT A,SANGOD,12,GENW,KANIZA,INC,FEMALE,GENW
1150,KOT A,SANGOD,13,GENW,BHUVNESWARI,INC,FEMALE,GENW
1151,KOT A,SANGOD,14,GENW,SHABNAM,INC,FEMALE,GENW
1152,KOT A,SANGOD,15,OBC,SURESH,BJP,MALE,OBC
1153,KOT A,SANGOD,16,OBC,CHATURBHUJ,INC,MALE,OBC
1154,KOT A,SANGOD,17,OBCW,LAXMI BAI,BJP,FEMALE,OBCW
1155,KOT A,SANGOD,18,SC,PREM BAI,IND,FEMALE,SCW
1156,KOT A,SANGOD,19,ST,RAGHUVEER MEENA,INC,MALE,ST
1157,KOT A,SANGOD,20,SCW,LAD BAI,BJP,FEMALE,SCW
1158,NAGAUR,DIDWANA,1,OBCW,GALOO DEVI,INC,FEMALE,OBCW
1159,NAGAUR,DIDWANA,2,OBCW,JANAT BANO,BJP,FEMALE,OBCW
1160,NAGAUR,DIDWANA,3,GENW,SAROJ,INC,FEMALE,GENW
1161,NAGAUR,DIDWANA,4,OBC,MAHMOOD,INC,MALE,OBC
1162,NAGAUR,DIDWANA,5,GENW,NIRMALA,BJP,FEMALE,GENW
1163,NAGAUR,DIDWANA,6,OBC,BHANWROO KHAN,IND,MALE,OBC
1164,NAGAUR,DIDWANA,7,GEN,MO. SHARIF,INC,MALE,OBC
1165,NAGAUR,DIDWANA,8,OBCW,ABIDA,IND,FEMALE,OBCW
1166,NAGAUR,DIDWANA,9,OBC,SURESH CHANDRA,IND,MALE,OBC
1167,NAGAUR,DIDWANA,10,GEN,JAICHAND,BJP,MALE,GEN
1168,NAGAUR,DIDWANA,11,GEN,NITESH,BJP,MALE,GEN
1169,NAGAUR,DIDWANA,12,SC,DHAN RAJ,INC,MALE,SC
1170,NAGAUR,DIDWANA,13,GENW,AMARI,INC,FEMALE,OBCW
1171,NAGAUR,DIDWANA,14,GEN,MO. AYOOB,INC,MALE,OBC
1172,NAGAUR,DIDWANA,15,GENW,MEERA,INC,FEMALE,GENW
1173,NAGAUR,DIDWANA,16,GENW,TARA,INC,FEMALE,GENW
1174,NAGAUR,DIDWANA,17,GEN,KISHORE,INC,MALE,GEN
1175,NAGAUR,DIDWANA,18,SCW,MOHANI,INC,FEMALE,SCW
1176,NAGAUR,DIDWANA,19,GEN,NASEER,INC,MALE,GEN
1177,NAGAUR,DIDWANA,20,GEN,UMMED HASAN,INC,MALE,GEN
1178,NAGAUR,DIDWANA,21,GENW,NILAM,BJP,FEMALE,GENW
1179,NAGAUR,DIDWANA,22,GENW,JARINA,INC,FEMALE,OBCW
1180,NAGAUR,DIDWANA,23,SC,RAMNIWAS,INC,MALE,SC
1181,NAGAUR,DIDWANA,24,GEN,CHHAGAN LAL,IND,MALE,OBC
1182,NAGAUR,DIDWANA,25,GEN,NASHIR,IND,MALE,OBC
1183,NAGAUR,DIDWANA,26,GENW,AAMANA KHATUN,IND,FEMALE,OBCW
1184,NAGAUR,DIDWANA,27,GEN,AMAR CHAND,IND,MALE,OBC
1185,NAGAUR,DIDWANA,28,GEN,MANIRAM,IND,MALE,OBC
1186,NAGAUR,DIDWANA,29,GENW,GUDI,INC,FEMALE,OBCW
1187,NAGAUR,DIDWANA,30,GENW,ANU,INC,FEMALE,OBCW
1188,NAGAUR,MAKRANA,1,GENW,SHARIFAN,IND,FEMALE,OBCW
1189,NAGAUR,MAKRANA,2,SCW,RAJU,INC,FEMALE,SCW
1190,NAGAUR,MAKRANA,3,SCW,SAROJ,IND,FEMALE,SCW
1191,NAGAUR,MAKRANA,4,GENW,BAYALA,INC,FEMALE,OBCW
1192,NAGAUR,MAKRANA,5,SC,OM PRAKASH,IND,MALE,SC
1193,NAGAUR,MAKRANA,6,OBCW,RADHA DEVI,INC,FEMALE,OBCW
1194,NAGAUR,MAKRANA,7,GEN,MANSOOR AKHTAR,IND,MALE,OBC
1195,NAGAUR,MAKRANA,8,OBC,ABDUL REHMAN,IND,MALE,OBC
1196,NAGAUR,MAKRANA,9,GENW,KALPANA,IND,FEMALE,OBCW
1197,NAGAUR,MAKRANA,10,GEN,HAZI AHMED A.,IND,MALE,GEN
1198,NAGAUR,MAKRANA,11,GEN,NOOR HASAN,IND,MALE,OBC
1199,NAGAUR,MAKRANA,12,GENW,KHARUNISHA,BJP,FEMALE,GENW
1200,NAGAUR,MAKRANA,13,GEN,ALTAF AHMED,IND,MALE,OBC
1201,NAGAUR,MAKRANA,14,GEN,SHOUKAT ALI,INC,MALE,OBC
1202,NAGAUR,MAKRANA,15,GEN,MOHD. SALIM,IND,MALE,OBC
1203,NAGAUR,MAKRANA,16,OBC,NYAZ MOHAMMED,IND,MALE,OBC
1204,NAGAUR,MAKRANA,17,GENW,FIROZA,IND,FEMALE,GENW
1205,NAGAUR,MAKRANA,18,OBCW,JAMEELA BEGUM,IND,FEMALE,OBCW
1206,NAGAUR,MAKRANA,19,GENW,KHATOON,INC,FEMALE,GENW
1207,NAGAUR,MAKRANA,20,SC,HANUMAN RAM,INC,MALE,SC
1208,NAGAUR,MAKRANA,21,GEN,FAROOQ,IND,MALE,GEN
1209,NAGAUR,MAKRANA,22,GEN,ZAHEER AHMAD,IND,MALE,GEN
1210,NAGAUR,MAKRANA,23,OBCW,SHAHINA,IND,FEMALE,OBCW
1211,NAGAUR,MAKRANA,24,GEN,RAMZAN,IND,MALE,GEN
1212,NAGAUR,MAKRANA,25,GEN,GHANSHYAM,BJP,MALE,GEN
1213,NAGAUR,MAKRANA,26,GENW,MANJU KANWAR,BJP,FEMALE,GENW
1214,NAGAUR,MAKRANA,27,GENW,AAIYSHA,INC,FEMALE,GENW
1215,NAGAUR,MAKRANA,28,OBCW,SHAYADA,INC,FEMALE,OBCW
1216,NAGAUR,MAKRANA,29,GENW,FIROZA,INC,FEMALE,GENW
1217,NAGAUR,MAKRANA,30,GENW,GULSHAN,IND,FEMALE,GENW
1218,NAGAUR,MAKRANA,31,GEN,FIROZ ALAM,IND,MALE,GEN
1219,NAGAUR,MAKRANA,32,OBC,LIYAKAT ALI,IND,MALE,OBC
1220,NAGAUR,MAKRANA,33,GENW,ZUBEDA,IND,FEMALE,GENW
1221,NAGAUR,MAKRANA,34,GEN,AZIZ,IND,MALE,GEN
1222,NAGAUR,MAKRANA,35,GEN,NATHU RAM,IND,MALE,GEN
1223,NAGAUR,MAKRANA,36,GEN,MOHMAD ALI,INC,MALE,GEN
1224,NAGAUR,MAKRANA,37,GENW,SHAHIDAN,INC,FEMALE,GENW
1225,NAGAUR,MAKRANA,38,GENW,ZUBEDA,INC,FEMALE,GENW
1226,NAGAUR,MAKRANA,39,GENW,FEHMEEDA,IND,FEMALE,GENW
1227,NAGAUR,MAKRANA,40,OBC,MOHD. SHEED,IND,MALE,OBC
1228,PALI,PALI,1,GENW,SUMITRA SHARMA,INC,FEMALE,GENW
1229,PALI,PALI,2,GENW,RAJSHREE TRIVEDI,INC,FEMALE,GENW
1230,PALI,PALI,3,GEN,BABU SINGH,BJP,MALE,GEN
1231,PALI,PALI,4,GENW,SANTOSH,BJP,FEMALE,OBCW
1232,PALI,PALI,5,GENW,LAXMI DEVI,BJP,FEMALE,GENW
1233,PALI,PALI,6,GENW,JAMKU DEVI,IND,FEMALE,OBCW
1234,PALI,PALI,7,GEN,JAI SINGH,INC,MALE,GEN
1235,PALI,PALI,8,GEN,MANISH,BJP,MALE,GEN
1236,PALI,PALI,9,GENW,BABALI DEVI,IND,FEMALE,STW
1237,PALI,PALI,10,GEN,TRIBHUWAN SINGH,BJP,MALE,GEN
1238,PALI,PALI,11,GEN,MOTU BHAI @DEVIDAS,INC,MALE,OBC
1239,PALI,PALI,12,SC,DEVPAL,INC,MALE,SC
1240,PALI,PALI,13,GEN,SANDEEP SURANA,BJP,MALE,GEN
1241,PALI,PALI,14,SCW,LEELA,INC,FEMALE,SCW
1242,PALI,PALI,15,GEN,FAKER MOHAMMAD,IND,MALE,OBC
1243,PALI,PALI,16,SCW,KHUME SHRI BORANA,INC,FEMALE,SCW
1244,PALI,PALI,17,OBC,RADHEYSHYAM CHOUHAN,BJP,MALE,OBC
1245,PALI,PALI,18,GENW,SHAMIM,INC,FEMALE,GENW
1246,PALI,PALI,19,GEN,HAKIM,INC,MALE,OBC
1247,PALI,PALI,20,OBC,MEHBOOB,INC,MALE,OBC
1248,PALI,PALI,21,GEN,SURESH CHOUDHARY,BJP,MALE,OBC
1249,PALI,PALI,22,GENW,NAYNA VYAS,BJP,FEMALE,GENW
1250,PALI,PALI,23,GENW,KHATOON BANO,INC,FEMALE,GENW
1251,PALI,PALI,24,OBC,SHYAM SINGH,BJP,MALE,OBC
1252,PALI,PALI,25,GENW,FARIDA BANO,INC,FEMALE,GENW
1253,PALI,PALI,26,OBC,KISHORE KUMAR,BJP,MALE,OBC
1254,PALI,PALI,27,ST,JETHA RAM BHEEL,INC,MALE,ST
1255,PALI,PALI,28,GEN,ABHISHEK,INC,MALE,GEN
1256,PALI,PALI,29,OBCW,TARA KANWAR GEHLOT,BJP,FEMALE,OBCW
1257,PALI,PALI,30,GEN,VINOD KUMAR,INC,MALE,GEN
1258,PALI,PALI,31,GENW,MEENA DEVI,BJP,FEMALE,GENW
1259,PALI,PALI,32,GEN,GHEVAR CHAND,BJP,MALE,GEN
1260,PALI,PALI,33,GEN,RAKESH BHATI,BJP,MALE,OBC
1261,PALI,PALI,34,OBC,DILIP KUMAR OAD,INC,MALE,OBC
1262,PALI,PALI,35,OBCW,KAMLA DEVI URF KAMLA BAI,INC,FEMALE,OBCW
1263,PALI,PALI,36,SC,MOHAN LAL,INC,MALE,SC
1264,PALI,PALI,37,OBCW,RAMI DEVI,INC,FEMALE,OBCW
1265,PALI,PALI,38,GENW,NIRMA DEVI,INC,FEMALE,OBCW
1266,PALI,PALI,39,OBCW,ANAND KANWAR,BJP,FEMALE,OBCW
1267,PALI,PALI,40,GEN,RAMESHWAR PARSAD,INC,MALE,GEN
1268,PALI,PALI,41,GEN,TILOK RAM,BJP,MALE,OBC
1269,PALI,PALI,42,SCW,VIJAY LAXMI,IND,FEMALE,SCW
1270,PALI,PALI,43,GENW,RADHA RAV,IND,FEMALE,OBCW
1271,PALI,PALI,44,SC,GANPAT LAL,BJP,MALE,SC
1272,PALI,PALI,45,GENW,KRISHNA KANWAR,IND,FEMALE,GENW
1273,PALI,SUMERPUR,1,SC,TARARAM,INC,MALE,SC
1274,PALI,SUMERPUR,2,SCW,PUSHPA,BJP,FEMALE,SCW
1275,PALI,SUMERPUR,3,GEN,PRAVEEN KUMAR,INC,MALE,GEN
1276,PALI,SUMERPUR,4,GEN,NARAYANLAL,IND,MALE,OBC
1277,PALI,SUMERPUR,5,GENW,RATAN KUNWAR,INC,FEMALE,GENW
1278,PALI,SUMERPUR,6,ST,CHOUTHI,INC,FEMALE,STW
1279,PALI,SUMERPUR,7,SCW,KANCHAN,INC,FEMALE,SCW
1280,PALI,SUMERPUR,8,GENW,MARUDHAR KANWAR,BJP,FEMALE,GENW
1281,PALI,SUMERPUR,9,GEN,ANWER KHAN,INC,MALE,GEN
1282,PALI,SUMERPUR,10,GENW,PARVATI SUTHAR,BJP,FEMALE,OBCW
1283,PALI,SUMERPUR,11,OBCW,SHARDA,INC,FEMALE,OBCW
1284,PALI,SUMERPUR,12,GENW,RATAN MEHATA,BJP,FEMALE,GENW
1285,PALI,SUMERPUR,13,GENW,ANSHIKANWAR,INC,FEMALE,GENW
1286,PALI,SUMERPUR,14,OBC,OUTARAM,BJP,MALE,OBC
1287,PALI,SUMERPUR,15,GENW,MADINA BAN00,INC,FEMALE,GENW
1288,PALI,SUMERPUR,16,SC,PREMCHAND,BJP,MALE,SC
1289,PALI,SUMERPUR,17,OBCW,KAMALADEVI,BJP,FEMALE,OBCW
1290,PALI,SUMERPUR,18,OBC,JAVANMAL,BJP,MALE,OBC
1291,PALI,SUMERPUR,19,GEN,HEERALAL,IND,MALE,OBC
1292,PALI,SUMERPUR,20,GENW,PARVATIDEVI,BJP,FEMALE,OBCW
1293,PALI,SUMERPUR,21,GEN,PHULARAM,BJP,MALE,OBC
1294,PALI,SUMERPUR,22,GEN,CHATURBHUJ SHARMA,IND,MALE,GEN
1295,PALI,SUMERPUR,23,OBC,GANESHMAL,BJP,MALE,OBC
1296,PALI,SUMERPUR,24,STW,HASTU,INC,FEMALE,STW
1297,PALI,SUMERPUR,25,GEN,NARASARAM,IND,MALE,OBC
1298,RAJSAMAND,AMET,1,SCW,ULLAS DEVI,BJP,FEMALE,SCW
1299,RAJSAMAND,AMET,2,SC,MOHAN LAL,IND,MALE,SC
1300,RAJSAMAND,AMET,3,SC,BHOLI RAM,BJP,MALE,SC
1301,RAJSAMAND,AMET,4,GENW,SMT. GITA DEVI,BJP,FEMALE,OBCW
1302,RAJSAMAND,AMET,5,GEN,BHIKAM CHAND,BJP,MALE,GEN
1303,RAJSAMAND,AMET,6,GENW,SMT. VIMALA DEVI TAILOR,BJP,FEMALE,GENW
1304,RAJSAMAND,AMET,7,GEN,PRAKASH CHAND,INC,MALE,GEN
1305,RAJSAMAND,AMET,8,OBC,RATAN SINGH,BJP,MALE,OBC
1306,RAJSAMAND,AMET,9,GEN,SOHAN LAL,BJP,MALE,OBC
1307,RAJSAMAND,AMET,10,GENW,REKHA,BJP,FEMALE,GENW
1308,RAJSAMAND,AMET,11,GENW,JARINA BAIGAM,BJP,FEMALE,GENW
1309,RAJSAMAND,AMET,12,GENW,SIMA,INC,FEMALE,GENW
1310,RAJSAMAND,AMET,13,OBC,PRADEEP SINGH,INC,MALE,OBC
1311,RAJSAMAND,AMET,14,GEN,GOPAL MALI,BJP,MALE,OBC
1312,RAJSAMAND,AMET,15,OBCW,NARBADA SUTHAR,BJP,FEMALE,OBCW
1313,RAJSAMAND,AMET,16,GEN,RAJENDRA SINGH,INC,MALE,GEN
1314,RAJSAMAND,AMET,17,GEN,DHARMESH,BJP,MALE,GEN
1315,RAJSAMAND,AMET,18,GENW,GITA DEVI BHATI,BJP,FEMALE,GENW
1316,RAJSAMAND,AMET,19,SCW,DAKHI BAI,INC,FEMALE,SCW
1317,RAJSAMAND,AMET,20,OBCW,SANTOSH DEVI,INC,FEMALE,OBCW
1318,RAJSAMAND,NATHDWARA,1,GEN,SURENDRA SINGH,INC,MALE,GEN
1319,RAJSAMAND,NATHDWARA,2,GEN,BHARAT KUMAR,BJP,MALE,GEN
1320,RAJSAMAND,NATHDWARA,3,OBC,VALLABH SINGH,INC,MALE,OBC
1321,RAJSAMAND,NATHDWARA,4,OBC,SHYAM LAL,INC,MALE,OBC
1322,RAJSAMAND,NATHDWARA,5,GENW,USHA DEVI,INC,FEMALE,GENW
1323,RAJSAMAND,NATHDWARA,6,GEN,HAMENT GURJAR,INC,MALE,GEN
1324,RAJSAMAND,NATHDWARA,7,GENW,PUSHPA,INC,FEMALE,GENW
1325,RAJSAMAND,NATHDWARA,8,STW,REKHA MEENA,INC,FEMALE,STW
1326,RAJSAMAND,NATHDWARA,9,GEN,BHUPENDRA,INC,MALE,GEN
1327,RAJSAMAND,NATHDWARA,10,GENW,RUKMANI DEVI,INC,FEMALE,GENW
1328,RAJSAMAND,NATHDWARA,11,SC,SHANTI LAL YADAV,INC,MALE,SC
1329,RAJSAMAND,NATHDWARA,12,GEN,PRESH SONI,BJP,MALE,GEN
1330,RAJSAMAND,NATHDWARA,13,OBCW,MANORAMA,INC,FEMALE,OBCW
1331,RAJSAMAND,NATHDWARA,14,GEN,LALIT PORWAL,INC,MALE,GEN
1332,RAJSAMAND,NATHDWARA,15,GEN,MANISH RATHI,INC,MALE,GEN
1333,RAJSAMAND,NATHDWARA,16,GENW,TARA KANARIA,BJP,FEMALE,GENW
1334,RAJSAMAND,NATHDWARA,17,OBCW,SEEMA SONI,INC,FEMALE,OBCW
1335,RAJSAMAND,NATHDWARA,18,GEN,DINESH CHANDRA GURJAR,INC,MALE,GEN
1336,RAJSAMAND,NATHDWARA,19,GEN,SHRANIK KUMAR JAIN,INC,MALE,GEN
1337,RAJSAMAND,NATHDWARA,20,GENW,KUSUM LATA KUMAWAT,INC,FEMALE,GENW
1338,RAJSAMAND,NATHDWARA,21,ST,MOHAN LAL MINA,INC,MALE,ST
1339,RAJSAMAND,NATHDWARA,22,GENW,RANJNA KUMAWAT,INC,FEMALE,GENW
1340,RAJSAMAND,NATHDWARA,23,GENW,PUSHPA ALIAS MEENA JAIN,INC,FEMALE,GENW
1341,RAJSAMAND,NATHDWARA,24,OBC,SHAMBU LAL MALI,INC,MALE,OBC
1342,RAJSAMAND,NATHDWARA,25,GENW,BHARTI VERMA,INC,FEMALE,GENW
1343,SIKAR,NEEM KA THANA,1,OBC,DAVARKA,INC,MALE,OBC
1344,SIKAR,NEEM KA THANA,2,GENW,SANTOSH DEVI,INC,FEMALE,GENW
1345,SIKAR,NEEM KA THANA,3,GENW,GOMTI DEVI,INC,FEMALE,GENW
1346,SIKAR,NEEM KA THANA,4,GEN,MAHESH,INC,MALE,GEN
1347,SIKAR,NEEM KA THANA,5,ST,GIRDHARI,INC,MALE,ST
1348,SIKAR,NEEM KA THANA,6,GEN,MAHENDAR S/O NETA RAM,INC,MALE,GEN
1349,SIKAR,NEEM KA THANA,7,SC,RAJENDRA KUMAR,INC,MALE,SC
1350,SIKAR,NEEM KA THANA,8,GEN,JAGDISH,INC,MALE,GEN
1351,SIKAR,NEEM KA THANA,9,OBCW,MAMTA,BJP,FEMALE,OBCW
1352,SIKAR,NEEM KA THANA,10,GEN,MAHENDRA SINGH,BJP,MALE,GEN
1353,SIKAR,NEEM KA THANA,11,SC,PRAHALAD RAM,INC,MALE,SC
1354,SIKAR,NEEM KA THANA,12,GENW,MANNI,INC,FEMALE,OBCW
1355,SIKAR,NEEM KA THANA,13,SCW,CHOTI DEVI,IND,FEMALE,SCW
1356,SIKAR,NEEM KA THANA,14,SCW,PRABHATI,INC,FEMALE,SCW
1357,SIKAR,NEEM KA THANA,15,GENW,ARCHANA DEVI,INC,FEMALE,OBCW
1358,SIKAR,NEEM KA THANA,16,GEN,LAV KUMAR,IND,MALE,GEN
1359,SIKAR,NEEM KA THANA,17,OBCW,GEETA,INC,FEMALE,OBCW
1360,SIKAR,NEEM KA THANA,18,GEN,KAMLA DEVI,IND,FEMALE,GENW
1361,SIKAR,NEEM KA THANA,19,OBC,MALI RAM,IND,MALE,OBC
1362,SIKAR,NEEM KA THANA,20,GENW,RAM KALA,IND,FEMALE,GENW
1363,SIKAR,NEEM KA THANA,21,OBC,OM PRAKASH KUMAWAT,IND,MALE,OBC
1364,SIKAR,NEEM KA THANA,22,GENW,KRISHNA DEVI,IND,FEMALE,OBCW
1365,SIKAR,NEEM KA THANA,23,GENW,SUNITA,IND,FEMALE,OBCW
1366,SIKAR,NEEM KA THANA,24,GEN,BANNA RAM,IND,MALE,ST
1367,SIKAR,NEEM KA THANA,25,GEN,PURAN MAL,IND,MALE,GEN
1368,SIKAR,SIKAR,1,OBC,MOHAMMED SHAKIR,INC,MALE,OBC
1369,SIKAR,SIKAR,2,GENW,RUKIYA,INC,FEMALE,GENW
1370,SIKAR,SIKAR,3,GENW,HAWWA,INC,FEMALE,GENW
1371,SIKAR,SIKAR,4,SC,RAMOTAR,BJP,MALE,SC
1372,SIKAR,SIKAR,5,SCW,PARWATI DEVI,INC,FEMALE,SCW
1373,SIKAR,SIKAR,6,GEN,MOHD. SADIQUE,INC,MALE,GEN
1374,SIKAR,SIKAR,7,SC,RAMESH CHAND,IND,MALE,SC
1375,SIKAR,SIKAR,8,GEN,RAJKUMAR,IND,MALE,GEN
1376,SIKAR,SIKAR,9,GEN,VINOD KUMAR SETHI,BJP,MALE,GEN
1377,SIKAR,SIKAR,10,GEN,MOHD. MUSTAQ,INC,MALE,GEN
1378,SIKAR,SIKAR,11,GENW,FARIDA,INC,FEMALE,GENW
1379,SIKAR,SIKAR,12,OBCW,SHAKEELA,INC,FEMALE,OBCW
1380,SIKAR,SIKAR,13,GENW,SHAKEELA,INC,FEMALE,GENW
1381,SIKAR,SIKAR,14,GEN,VIJAY KUMAR,INC,MALE,GEN
1382,SIKAR,SIKAR,15,GENW,KHURSHEEDA BANO,IND,FEMALE,GENW
1383,SIKAR,SIKAR,16,GEN,RAJ KUMAR SHARMA (MISHRA),IND,MALE,GEN
1384,SIKAR,SIKAR,17,OBC,JAGDISH KUMAWAT,BJP,MALE,OBC
1385,SIKAR,SIKAR,18,GENW,PARMESHWARI DEVI,BJP,FEMALE,OBCW
1386,SIKAR,SIKAR,19,OBC,MOHAMMED SALIM,IND,MALE,OBC
1387,SIKAR,SIKAR,20,GEN,MOHD. RAFIQ,INC,MALE,GEN
1388,SIKAR,SIKAR,21,GEN,MAHIPAL MEENA,INC,MALE,ST
1389,SIKAR,SIKAR,22,GEN,SAMPAT SINGH,BJP,MALE,OBC
1390,SIKAR,SIKAR,23,GENW,SUMAN DIXIT,BJP,FEMALE,GENW
1391,SIKAR,SIKAR,24,GENW,SUBEDAULAT,IND,FEMALE,GENW
1392,SIKAR,SIKAR,25,GEN,GOPAL SINGH,BJP,MALE,OBC
1393,SIKAR,SIKAR,26,GEN,BABULAL,BJP,MALE,GEN
1394,SIKAR,SIKAR,27,OBCW,SAMPAT,INC,FEMALE,OBCW
1395,SIKAR,SIKAR,28,GEN,PRAHLAD SAINI,BJP,MALE,OBC
1396,SIKAR,SIKAR,29,OBCW,SAVITRI DEVI,INC,FEMALE,OBCW
1397,SIKAR,SIKAR,30,OBC,FAROOQ,CPI(M),MALE,OBC
1398,SIKAR,SIKAR,31,GENW,TASLIM BANO,INC,FEMALE,OBCW
1399,SIKAR,SIKAR,32,GENW,SONIYA BANO,INC,FEMALE,GENW
1400,SIKAR,SIKAR,33,GENW,KIRAN,INC,FEMALE,GENW
1401,SIKAR,SIKAR,34,GEN,TULSI DEVI,BJP,FEMALE,GENW
1402,SIKAR,SIKAR,35,GEN,JEEVAN KHAN,INC,MALE,OBC
1403,SIKAR,SIKAR,36,GEN,SHIV KUMAR,BJP,MALE,GEN
1404,SIKAR,SIKAR,37,GEN,GIRDHARI LAL,BJP,MALE,OBC
1405,SIKAR,SIKAR,38,GENW,SUSHILA,BJP,FEMALE,OBCW
1406,SIKAR,SIKAR,39,GENW,SAROJ DEVI,INC,FEMALE,OBCW
1407,SIKAR,SIKAR,40,GENW,VIMAL,INC,FEMALE,OBCW
1408,SIKAR,SIKAR,41,GENW,LAXMI DEVI,INC,FEMALE,OBCW
1409,SIKAR,SIKAR,42,GENW,MAYA,INC,FEMALE,GENW
1410,SIKAR,SIKAR,43,SCW,SHARDA DEVI,IND,FEMALE,SCW
1411,SIKAR,SIKAR,44,OBCW,AABIDA BANO,INC,FEMALE,OBCW
1412,SIKAR,SIKAR,45,OBC,MOHD. IMRAN,INC,MALE,OBC
1413,SIROHI,MT ABU,1,GENW,RENU KABRA,INC,FEMALE,GENW
1414,SIROHI,MT ABU,2,SC,RUPESH,IND,MALE,SC
1415,SIROHI,MT ABU,3,GEN,VIKAS,INC,MALE,GEN
1416,SIROHI,MT ABU,4,OBCW,SAROJ CHOUDHARY,INC,FEMALE,OBCW
1417,SIROHI,MT ABU,5,ST,PRAVEEN ALIKA,INC,MALE,ST
1418,SIROHI,MT ABU,6,GEN,DEVI SINGH,INC,MALE,GEN
1419,SIROHI,MT ABU,7,STW,TULSI,INC,FEMALE,STW
1420,SIROHI,MT ABU,8,OBC,DILIP TANK,INC,MALE,OBC
1421,SIROHI,MT ABU,9,STW,LAXMI,INC,FEMALE,STW
1422,SIROHI,MT ABU,10,GENW,PUSHPA,BJP,FEMALE,GENW
1423,SIROHI,MT ABU,11,GENW,NEETU,INC,FEMALE,GENW
1424,SIROHI,MT ABU,12,GEN,BHANWAR SINGH,INC,MALE,GEN
1425,SIROHI,MT ABU,13,GEN,YUSUF KHAN,INC,MALE,GEN
1426,SIROHI,MT ABU,14,ST,HANSRAJ,INC,MALE,ST
1427,SIROHI,MT ABU,15,SCW,SARBATI DEVI,INC,FEMALE,SCW
1428,SIROHI,MT ABU,16,GENW,ANITA,BJP,FEMALE,GENW
1429,SIROHI,MT ABU,17,GENW,NEELAM,INC,FEMALE,OBCW
1430,SIROHI,MT ABU,18,SC,RANJEET,INC,MALE,SC
1431,SIROHI,MT ABU,19,SCW,NEELAM,INC,FEMALE,SCW
1432,SIROHI,MT ABU,20,GEN,NARAYAN SING,INC,MALE,GEN
1433,SIROHI,PINDWARA,1,GEN,RAMESH CHANDRA,IND,MALE,GEN
1434,SIROHI,PINDWARA,2,ST,TARA RAM,BJP,MALE,ST
1435,SIROHI,PINDWARA,3,GENW,GAIRY DEVI,BJP,FEMALE,GENW
1436,SIROHI,PINDWARA,4,OBC,GOPAL RAM,INC,MALE,OBC
1437,SIROHI,PINDWARA,5,GEN,DALPAT SINGH,BJP,MALE,GEN
1438,SIROHI,PINDWARA,6,GEN,RAMESH KUMAR,IND,MALE,GEN
1439,SIROHI,PINDWARA,7,OBCW,SAVITA DEVI,BJP,FEMALE,OBCW
1440,SIROHI,PINDWARA,8,GENW,DHANI DEVI,IND,FEMALE,GENW
1441,SIROHI,PINDWARA,9,GENW,REKHA DEVI,BJP,FEMALE,GENW
1442,SIROHI,PINDWARA,10,OBCW,DIPIKA KANSARA,BJP,FEMALE,OBCW
1443,SIROHI,PINDWARA,11,GEN,BHUPENDRA KUMAR,BJP,MALE,GEN
1444,SIROHI,PINDWARA,12,GEN,PARBAT SINGH,INC,MALE,GEN
1445,SIROHI,PINDWARA,13,OBC,CHAMPAT LAL,BJP,MALE,OBC
1446,SIROHI,PINDWARA,14,GEN,BHERA RAM,BJP,MALE,GEN
1447,SIROHI,PINDWARA,15,SCW,NEETA DEVI BHAND,INC,FEMALE,SCW
1448,SIROHI,PINDWARA,16,GENW,ZEBUN,INC,FEMALE,GENW
1449,SIROHI,PINDWARA,17,SC,HANSA RAM,BJP,MALE,SC
1450,SIROHI,PINDWARA,18,GENW,LEELA DEVI,INC,FEMALE,GENW
1451,SIROHI,PINDWARA,19,SCW,SUPATI DEVI,BJP,FEMALE,SCW
1452,SIROHI,PINDWARA,20,SC,CHAGAN LAL,INC,MALE,SC
1453,SIROHI,SHIVGANJ,1,GEN,ASHOK KUMAR,IND,MALE,OBC
1454,SIROHI,SHIVGANJ,2,GENW,RUPA DEVI,IND,FEMALE,OBCW
1455,SIROHI,SHIVGANJ,3,ST,KAPURA RAM,BJP,MALE,ST
1456,SIROHI,SHIVGANJ,4,GENW,SHANTI DEVI,IND,FEMALE,OBCW
1457,SIROHI,SHIVGANJ,5,GENW,BABITA,INC,FEMALE,GENW
1458,SIROHI,SHIVGANJ,6,GEN,TARA RAM,BJP,MALE,OBC
1459,SIROHI,SHIVGANJ,7,GEN,KISHORE KUMAR,BJP,MALE,OBC
1460,SIROHI,SHIVGANJ,8,GEN,JAGDISH KUMAR,IND,MALE,OBC
1461,SIROHI,SHIVGANJ,9,GEN,LAXMAN LAL,INC,MALE,OBC
1462,SIROHI,SHIVGANJ,10,OBCW,LILA DEVI,INC,FEMALE,OBCW
1463,SIROHI,SHIVGANJ,11,OBC,LAXMAN ARYA,INC,MALE,OBC
1464,SIROHI,SHIVGANJ,12,GENW,SEEMA,BJP,FEMALE,OBCW
1465,SIROHI,SHIVGANJ,13,OBCW,CHHATARU BAI,INC,FEMALE,OBCW
1466,SIROHI,SHIVGANJ,14,GEN,SOHAN LAL,BJP,MALE,OBC
1467,SIROHI,SHIVGANJ,15,SC,HEERA LAL,INC,MALE,SC
1468,SIROHI,SHIVGANJ,16,SCW,NIRMLA DEVI,INC,FEMALE,SCW
1469,SIROHI,SHIVGANJ,17,OBC,MOHD. IRFAN,IND,MALE,OBC
1470,SIROHI,SHIVGANJ,18,GENW,SANGEETA KUNWAR,IND,FEMALE,GENW
1471,SIROHI,SHIVGANJ,19,GENW,RASILA,INC,FEMALE,GENW
1472,SIROHI,SHIVGANJ,20,GEN,RAJENDRA KUMAR,IND,MALE,OBC
1473,SIROHI,SIROHI,1,OBCW,RANU PARIHAR,BJP,FEMALE,OBCW
1474,SIROHI,SIROHI,2,GENW,RAGINI,INC,FEMALE,GENW
1475,SIROHI,SIROHI,3,GEN,JITENDRA AIRAN,INC,MALE,GEN
1476,SIROHI,SIROHI,4,GEN,BHAGWATI VYAS,INC,FEMALE,GENW
1477,SIROHI,SIROHI,5,SCW,PINKI,INC,FEMALE,SCW
1478,SIROHI,SIROHI,6,SC,GOPI LAL,INC,MALE,SC
1479,SIROHI,SIROHI,7,ST,MAGAN LAL,BJP,MALE,ST
1480,SIROHI,SIROHI,8,SC,MOHAN LAL,INC,MALE,SC
1481,SIROHI,SIROHI,9,OBC,SURESH SANGARVANSHI MALI,BJP,MALE,OBC
1482,SIROHI,SIROHI,10,STW,PAVANI,BJP,FEMALE,STW
1483,SIROHI,SIROHI,11,GENW,AMIYA DEVI,BJP,FEMALE,OBCW
1484,SIROHI,SIROHI,12,OBC,PRAKASH,IND,MALE,OBC
1485,SIROHI,SIROHI,13,GENW,JAMNA,BJP,FEMALE,OBCW
1486,SIROHI,SIROHI,14,GENW,SHARMILA,BJP,FEMALE,GENW
1487,SIROHI,SIROHI,15,OBCW,SAJEEDA BANU,INC,FEMALE,OBCW
1488,SIROHI,SIROHI,16,GEN,MANOHARLAL KANSARA,IND,MALE,OBC
1489,SIROHI,SIROHI,17,GEN,DHAVAL,IND,MALE,GEN
1490,SIROHI,SIROHI,18,GEN,JITENDRA KUMAR SINGHI,INC,MALE,GEN
1491,SIROHI,SIROHI,19,OBC,JAGDISH,INC,MALE,OBC
1492,SIROHI,SIROHI,20,GEN,ISHWAR SINGH,INC,MALE,GEN
1493,SIROHI,SIROHI,21,SCW,GANGA,INC,FEMALE,SCW
1494,SIROHI,SIROHI,22,GEN,DHANPAT SINGH RATHOR,BJP,MALE,GEN
1495,SIROHI,SIROHI,23,GENW,DAMYANTI DABI,BJP,FEMALE,GENW
1496,SIROHI,SIROHI,24,GENW,PREETI CHAUHAN,BJP,FEMALE,GENW
1497,SIROHI,SIROHI,25,GENW,MANI,BJP,FEMALE,OBCW
1498,TONK,TONK,1,GENW,NIRMALA,BJP,FEMALE,OBCW
1499,TONK,TONK,2,GENW,BEENA,BJP,FEMALE,OBCW
1500,TONK,TONK,3,GENW,PARBHATI DEVI,INC,FEMALE,OBCW
1501,TONK,TONK,4,GEN,RAJESH,BJP,MALE,GEN
1502,TONK,TONK,5,GEN,RASHID KHAN,IND,MALE,GEN
1503,TONK,TONK,6,GENW,HEMLATA,BJP,FEMALE,GENW
1504,TONK,TONK,7,GEN,HIMMAT SINGH,IND,MALE,GEN
1505,TONK,TONK,8,GEN,DHARMENDRA SINGH,BJP,MALE,GEN
1506,TONK,TONK,9,GEN,LIYAKAT ALI,BJP,MALE,GEN
1507,TONK,TONK,10,GENW,ALIMUNNISA,IND,FEMALE,GENW
1508,TONK,TONK,11,GEN,HAKEEKAT HASAN,INC,MALE,GEN
1509,TONK,TONK,12,OBC,AZIZ,INC,MALE,OBC
1510,TONK,TONK,13,GEN,ABDUL MUJEEB,IND,MALE,GEN
1511,TONK,TONK,14,GEN,SAIDULAHUQ,INC,MALE,GEN
1512,TONK,TONK,15,GEN,RAJEEV KUMAR,BJP,MALE,GEN
1513,TONK,TONK,16,GEN,ABDUL ZAHEER,INC,MALE,OBC
1514,TONK,TONK,17,GENW,ZEBA KHAN,INC,FEMALE,GENW
1515,TONK,TONK,18,OBCW,RADHA DEVI,BJP,FEMALE,OBCW
1516,TONK,TONK,19,GEN,RAM DHAN,BJP,MALE,OBC
1517,TONK,TONK,20,GEN,ANIS AHMED,IND,MALE,OBC
1518,TONK,TONK,21,OBC,MOHD. YASIN,INC,MALE,OBC
1519,TONK,TONK,22,OBCW,SHANU,BJP,FEMALE,OBCW
1520,TONK,TONK,23,SCW,BASANTI,INC,FEMALE,SCW
1521,TONK,TONK,24,OBCW,NOOR BANOO,IND,FEMALE,OBCW
1522,TONK,TONK,25,GENW,WAHIDA RAHAMAN,INC,FEMALE,GENW
1523,TONK,TONK,26,SCW,MAYA MEHRA,INC,FEMALE,SCW
1524,TONK,TONK,27,GENW,SHAHAJAHAN,IND,FEMALE,GENW
1525,TONK,TONK,28,GENW,RAISA BEE,NCP,FEMALE,OBCW
1526,TONK,TONK,29,GENW,KIRAN,BJP,FEMALE,GENW
1527,TONK,TONK,30,SCW,INDRA / MADAN LAL,BJP,FEMALE,SCW
1528,TONK,TONK,31,GENW,SANTOSH DEVI,BJP,FEMALE,GENW
1529,TONK,TONK,32,OBCW,MAIMA DEVI,BJP,FEMALE,OBCW
1530,TONK,TONK,33,SC,KAJOD MAL,BJP,MALE,SC
1531,TONK,TONK,34,SC,GANPAT,BJP,MALE,SC
1532,TONK,TONK,35,GEN,SHABBIR AHMAD,INC,MALE,GEN
1533,TONK,TONK,36,OBC,MOHAMMAD TARIK,INC,MALE,OBC
1534,TONK,TONK,37,GEN,HARI BHAJAN,INC,MALE,GEN
1535,TONK,TONK,38,SC,KAILASH,BJP,MALE,SC
1536,TONK,TONK,39,OBC,NISAR AHAMAD,INC,MALE,OBC
1537,TONK,TONK,40,GENW,SUNITA DEVI,INC,FEMALE,GENW
1538,TONK,TONK,41,GENW,GEETA DEVI,INC,FEMALE,GENW
1539,TONK,TONK,42,OBC,RADHEY SHYAM,BJP,MALE,OBC
1540,TONK,TONK,43,SC,RAM LAL,INC,MALE,SC
1541,TONK,TONK,44,GEN,NASEEM AHMAD ADVOCATE,IND,MALE,GEN
1542,TONK,TONK,45,GENW,GEETA,BJP,FEMALE,GENW
1543,UDAIPUR,KANOD,1,GENW,KANTA KUNWAR SOLANKI,INC,FEMALE,GENW
1544,UDAIPUR,KANOD,2,OBC,GULAB SINGH,INC,MALE,OBC
1545,UDAIPUR,KANOD,3,GEN,MAHAVEER DAK,BJP,MALE,GEN
1546,UDAIPUR,KANOD,4,ST,RAJMAL,INC,MALE,ST
1547,UDAIPUR,KANOD,5,OBCW,KAMALA DEVI SWARNKAR,BJP,FEMALE,OBCW
1548,UDAIPUR,KANOD,6,GEN,MANOJ VYAS,BJP,MALE,GEN
1549,UDAIPUR,KANOD,7,STW,BASANTI,INC,FEMALE,STW
1550,UDAIPUR,KANOD,8,OBC,SHYAM LAL SUTHAR,BJP,MALE,OBC
1551,UDAIPUR,KANOD,9,GENW,CHANDRA KALA,INC,FEMALE,GENW
1552,UDAIPUR,KANOD,10,GENW,RAJU KAMARIYA,BJP,FEMALE,GENW
1553,UDAIPUR,KANOD,11,SCW,PREM BAI RAGAR W/O MOHAN LAL,INC,FEMALE,SCW
1554,UDAIPUR,KANOD,12,GENW,SUSHILA DEVI,INC,FEMALE,GENW
1555,UDAIPUR,KANOD,13,GEN,USHMAN KHAN PATHAN,INC,MALE,GEN
1556,UDAIPUR,KANOD,14,SC,JAGDISH MEGWAL,BJP,MALE,SC
1557,UDAIPUR,KANOD,15,GEN,PRANVEER SINGH,INC,MALE,GEN
1558,UDAIPUR,UDAIPUR,1,STW,DURGA MEENA,INC,FEMALE,STW
1559,UDAIPUR,UDAIPUR,2,GEN,MANAK LAL,INC,MALE,GEN
1560,UDAIPUR,UDAIPUR,3,GENW,KAVITA MODI,BJP,FEMALE,GENW
1561,UDAIPUR,UDAIPUR,4,GEN,AJAY PORWAL,INC,MALE,GEN
1562,UDAIPUR,UDAIPUR,5,GENW,KALPANA BHATNAGAR,BJP,FEMALE,GENW
1563,UDAIPUR,UDAIPUR,6,SCW,PRATIBHA,INC,FEMALE,SCW
1564,UDAIPUR,UDAIPUR,7,GEN,KAMLESH JAWARIYA,IND,MALE,GEN
1565,UDAIPUR,UDAIPUR,8,ST,JIVAN LAL GAMETI,INC,MALE,ST
1566,UDAIPUR,UDAIPUR,9,OBC,GANGARAM TELI,BJP,MALE,OBC
1567,UDAIPUR,UDAIPUR,10,OBCW,MOHAN DEVI,BJP,FEMALE,OBCW
1568,UDAIPUR,UDAIPUR,11,OBCW,KANCHAN SONI (KESAR SONI),BJP,FEMALE,OBCW
1569,UDAIPUR,UDAIPUR,12,OBC,LALIT KUMAR PRAJAPAT,BJP,MALE,OBC
1570,UDAIPUR,UDAIPUR,13,GEN,DINESH SHRIMALI,INC,MALE,GEN
1571,UDAIPUR,UDAIPUR,14,GEN,MOHAMAD KHALIL,BJP,MALE,GEN
1572,UDAIPUR,UDAIPUR,15,GENW,CHANDRAKALA BOLYA,BJP,FEMALE,GENW
1573,UDAIPUR,UDAIPUR,16,GEN,RAJESH SINGHVI,CPI(M),MALE,GEN
1574,UDAIPUR,UDAIPUR,17,GENW,KIRAN JAIN,BJP,FEMALE,GENW
1575,UDAIPUR,UDAIPUR,18,GEN,BHAVAR SINGH DEVDA,BJP,MALE,GEN
1576,UDAIPUR,UDAIPUR,19,SC,CHANDRA RAV,BJP,FEMALE,SCW
1577,UDAIPUR,UDAIPUR,20,GENW,SARIKA SHARMA,BJP,FEMALE,GENW
1578,UDAIPUR,UDAIPUR,21,SC,SATYANARAYAN MOCHI,BJP,MALE,SC
1579,UDAIPUR,UDAIPUR,22,GENW,RAJKUMARI MENARIYA,INC,FEMALE,GENW
1580,UDAIPUR,UDAIPUR,23,OBCW,CHANDA TAILOR,BJP,FEMALE,OBCW
1581,UDAIPUR,UDAIPUR,24,GEN,MANISH SHRIMALI,INC,MALE,GEN
1582,UDAIPUR,UDAIPUR,25,GENW,LALITA MENARIYA,BJP,FEMALE,GENW
1583,UDAIPUR,UDAIPUR,26,GENW,HEMLATA SHARMA,BJP,FEMALE,GENW
1584,UDAIPUR,UDAIPUR,27,GENW,MINAKSHI JAIN,BJP,FEMALE,GENW
1585,UDAIPUR,UDAIPUR,28,GEN,LOKESH GAUR,INC,MALE,GEN
1586,UDAIPUR,UDAIPUR,29,GEN,MANOHAR SINGH PAWAR,BJP,MALE,GEN
1587,UDAIPUR,UDAIPUR,30,GEN,BHUPENDRA JAIN,BJP,MALE,GEN
1588,UDAIPUR,UDAIPUR,31,ST,PHOOL SINGH MEENA,BJP,MALE,ST
1589,UDAIPUR,UDAIPUR,32,OBC,DHANPAL SWAMI,BJP,MALE,OBC
1590,UDAIPUR,UDAIPUR,33,SC,RAKESH KHOKHAWAT,INC,MALE,SC
1591,UDAIPUR,UDAIPUR,34,GENW,MEENA SHARMA,BJP,FEMALE,GENW
1592,UDAIPUR,UDAIPUR,35,GENW,MADHU PALIWAL,BJP,FEMALE,GENW
1593,UDAIPUR,UDAIPUR,36,GENW,SHIPRA UPADHYAY,INC,FEMALE,GENW
1594,UDAIPUR,UDAIPUR,37,OBCW,RAKHI MALI,BJP,FEMALE,OBCW
1595,UDAIPUR,UDAIPUR,38,GEN,MOHMED AYUB,INC,MALE,GEN
1596,UDAIPUR,UDAIPUR,39,GEN,PREM SINGH SAKTAWAT,BJP,MALE,GEN
1597,UDAIPUR,UDAIPUR,40,GENW,VANDANA PORWAL,BJP,FEMALE,GENW
1598,UDAIPUR,UDAIPUR,41,SCW,KAJAL,INC,FEMALE,SCW
1599,UDAIPUR,UDAIPUR,42,GENW,ARCHANA SHARMA,BJP,FEMALE,GENW
1600,UDAIPUR,UDAIPUR,43,OBC,KRISHNA KANT KUMAWAT,BJP,MALE,OBC
1601,UDAIPUR,UDAIPUR,44,OBCW,MANJU DEVI SAHU,BJP,FEMALE,OBCW
1602,UDAIPUR,UDAIPUR,45,OBC,ASHOK LODHA,BJP,MALE,OBC
1603,UDAIPUR,UDAIPUR,46,OBC,MOHMED AYUB,INC,MALE,OBC
1604,UDAIPUR,UDAIPUR,47,GEN,MUSLIM ALI BANDUKWALA,INC,MALE,GEN
1605,UDAIPUR,UDAIPUR,48,GENW,REHANA JARMAN WALA,INC,FEMALE,GENW
1606,UDAIPUR,UDAIPUR,49,GENW,KUSUM LATA CHOUBE,BJP,FEMALE,GENW
1607,UDAIPUR,UDAIPUR,50,GEN,PARAS SINGHVI,BJP,MALE,GEN
1608,UDAIPUR,UDAIPUR,51,GEN,VIJAY AHUJA,BJP,MALE,GEN
1609,UDAIPUR,UDAIPUR,52,GEN,SANJAY PAGARIYA,INC,MALE,GEN
1610,UDAIPUR,UDAIPUR,53,OBCW,JYOTI TAK,IND,FEMALE,OBCW
1611,UDAIPUR,UDAIPUR,54,GEN,MAHENDRA SINGH SHEKHAWAT,BJP,MALE,GEN
1612,UDAIPUR,UDAIPUR,55,GENW,NAFISA SAIF,INC,FEMALE,GENW