Mandal,Gram Panchayat,Ward,Category,Name,Status
Choppadandi,Arnakonda,Ward,1,SC(G) KOLAPAKA PRASHANTH,Elected
Choppadandi,Arnakonda,Ward,2,SC(W) KATLA APARNA,Unanimous
Choppadandi,Arnakonda,Ward,3,UR(G) AMARAGONDA RAJESHAM,Elected
Choppadandi,Arnakonda,Ward,4,UR(G) KADARI ASHOK,Elected
Choppadandi,Arnakonda,Ward,5,UR(W) GANGADARA PADMA,Elected
Choppadandi,Arnakonda,Ward,6,SC(G) MODUMPALLIL PADMA,Elected
Choppadandi,Arnakonda,Ward,7,SC(W) VADLURI LAXMI,Elected
Choppadandi,Arnakonda,Ward,8,UR(W) SINGIREDDY RAVALI,Elected
Choppadandi,Arnakonda,Ward,9,UR(G) CHIKATLA ARJUN,Elected
Choppadandi,Arnakonda,Ward,10,SC(W) MYAKALA PRANAYA,Elected
Choppadandi,Arnakonda,Ward,11,UR(W) KUKKALA SWAPNA,Elected
Choppadandi,Arnakonda,Ward,12,BC(G) PEDDAMOGILI SAMMAIAH,Elected
Choppadandi,Arnakonda,Ward,13,UR(G) GOPU SWAMY REDDY,Elected
Choppadandi,Arnakonda,Ward,14,BC(W) KOMALLA RAJESWARI,Elected
Choppadandi,Bhoopalapatnam,Ward,1,UR(G) MENDE NARSAIAH,Elected
Choppadandi,Bhoopalapatnam,Ward,2,SC(W) THODETI SWAROOPA,Elected
Choppadandi,Bhoopalapatnam,Ward,3,SC(G) MADIPELLI RAJU,Elected
Choppadandi,Bhoopalapatnam,Ward,4,UR(W) MADIPALLI SHANKARAVVA,Elected
Choppadandi,Bhoopalapatnam,Ward,5,BC(W) PULI ROOPA,Elected
Choppadandi,Bhoopalapatnam,Ward,6,UR(G) BAIRAGONI YESAIAH,Elected
Choppadandi,Bhoopalapatnam,Ward,7,UR(W) SHANIGARAM SHANKARAMMA,Elected
Choppadandi,Bhoopalapatnam,Ward,8,SC(G) THODETI SUJATHA,Elected
Choppadandi,Bhoopalapatnam,Ward,9,ST(W) MANUPATI SAMMAVVA,Unanimous
Choppadandi,Bhoopalapatnam,Ward,10,UR(G) MANDA RAGHU,Elected
Choppadandi,Chakunta,Ward,1,UR(W) AMEENA,Unanimous
Choppadandi,Chakunta,Ward,2,BC(G) PURAM RAMCHANDRAM,Elected
Choppadandi,Chakunta,Ward,3,UR(G) PEDDI RAJAIAH,Elected
Choppadandi,Chakunta,Ward,4,UR(G) GUDIPATI BHUPAL REDDY,Elected
Choppadandi,Chakunta,Ward,5,UR(W) ILAVENI ANITHA,Elected
Choppadandi,Chakunta,Ward,6,UR(W) INAVENI SWARUPA,Elected
Choppadandi,Chakunta,Ward,7,BC(W) SAYILLA SATHAMMA,Elected
Choppadandi,Chakunta,Ward,8,SC(G) DASARI RAJ KUMAR,Elected
Choppadandi,Chakunta,Ward,9,SC(W) PULIPAKA ANITHA,Elected
Choppadandi,Chakunta,Ward,10,SC(G) EMUNDLA RAJAIAH,Elected
Choppadandi,Chityalapalli,Ward,1,SC(G) SAMDRALA RAKESH,Unanimous
Choppadandi,Chityalapalli,Ward,2,SC(G) SAMUDRALA MAHESH,Unanimous
Choppadandi,Chityalapalli,Ward,3,BC(G) MAHMMAD RAFIQ,Elected
Choppadandi,Chityalapalli,Ward,4,BC(W) PASUPULA LAXMI,Elected
Choppadandi,Chityalapalli,Ward,5,BC(W) BADDENAPALLI MALLESHWARI,Elected
Choppadandi,Chityalapalli,Ward,6,BC(W) RANGU LAVANYA,Elected
Choppadandi,Chityalapalli,Ward,7,BC(G) USHKAMALLA MADHU,Elected
Choppadandi,Chityalapalli,Ward,8,SC(W) SUNE SHYAMALA,Elected
Choppadandi,Desaipeta,Ward,1,BC(W) JAKKULA LATHA,Unanimous
Choppadandi,Desaipeta,Ward,2,BC(G) ODNALA RAMESH,Elected
Choppadandi,Desaipeta,Ward,3,BC(G) MORA VENKATA RAMANA,Elected
Choppadandi,Desaipeta,Ward,4,UR(W) GODUGU LATHA,Unanimous
Choppadandi,Desaipeta,Ward,5,SC(W) KALLAPELLI RAJAMMA,Unanimous
Choppadandi,Desaipeta,Ward,6,UR(W) CHUKKA LACHAMMA,Unanimous
Choppadandi,Desaipeta,Ward,7,UR(G) KOLIPAKA MALLESHAM,Unanimous
Choppadandi,Desaipeta,Ward,8,UR(G) SINGIREDDY VENKATRAM REDDY,Unanimous
Choppadandi,Gumlapur,Ward,1,UR(W) BODIGE MANGA,Elected
Choppadandi,Gumlapur,Ward,2,SC(W) DASARI SHANKARAMMA,Elected
Choppadandi,Gumlapur,Ward,3,SC(W) KADARI PADMA,Elected
Choppadandi,Gumlapur,Ward,4,SC(G) KOLAPURI HANMANTHU,Elected
Choppadandi,Gumlapur,Ward,5,UR(W) VELMA MALATHI,Elected
Choppadandi,Gumlapur,Ward,6,BC(G) BADDENAPALLI RAJENDER,Elected
Choppadandi,Gumlapur,Ward,7,BC(W) PERUMANDLA LASYA,Elected
Choppadandi,Gumlapur,Ward,8,BC(G) MANDALA MAHENDER,Elected
Choppadandi,Gumlapur,Ward,9,UR(G) SHYAMKUR SHEKAR,Elected
Choppadandi,Gumlapur,Ward,10,UR(G) MANDALA ANIL,Elected
Choppadandi,Katnepalli,Ward,1,SC(G) BANDARI YUGENDHER,Elected
Choppadandi,Katnepalli,Ward,2,UR(G) KATTEKOLA POCHAMALLAIAH,Elected
Choppadandi,Katnepalli,Ward,3,BC(W) PITTALA KAVITHA,Elected
Choppadandi,Katnepalli,Ward,4,UR(G) EPPA SRINIVASREDDY,Elected
Choppadandi,Katnepalli,Ward,5,UR(G) GANNU JAIPAL REDDY,Elected
Choppadandi,Katnepalli,Ward,6,UR(W) Indira Devi,Elected
Choppadandi,Katnepalli,Ward,7,SC(G) KADARI VEERAIAH,Elected
Choppadandi,Katnepalli,Ward,8,SC(W) BAKTU LAKSHMI,Elected
Choppadandi,Katnepalli,Ward,9,SC(W) DURGAM VASANTHA,Elected
Choppadandi,Katnepalli,Ward,10,UR(W) GANNU MUNINDRA,Elected
Choppadandi,Kolimikunta,Ward,1,BC(W) REGULA SWAPNA,Elected
Choppadandi,Kolimikunta,Ward,2,UR(G) AKULA SURESH,Elected
Choppadandi,Kolimikunta,Ward,3,BC(G) SATHU THIRUPATHI,Unanimous
Choppadandi,Kolimikunta,Ward,4,SC(W) MACHERLA HARSITHA,Unanimous
Choppadandi,Kolimikunta,Ward,5,BC(G) SATTU THIRUPATHI,Elected
Choppadandi,Kolimikunta,Ward,6,BC(G) SATTU PARSHARAMULU,Elected
Choppadandi,Kolimikunta,Ward,7,SC(W) POGULA SUNITHA,Elected
Choppadandi,Kolimikunta,Ward,8,BC(G) PANJALA BONDAIAH,Elected
Choppadandi,Kolimikunta,Ward,9,BC(W) NELLI SHANKARAMMA,Elected
Choppadandi,Kolimikunta,Ward,10,BC(W) TALLAPELLI SHARADA,Unanimous
Choppadandi,Konerupalli,Ward,1,BC(W) Porandla Manamma,Elected
Choppadandi,Konerupalli,Ward,2,UR(W) MALYALA SHARADA,Elected
Choppadandi,Konerupalli,Ward,3,SC(W) GAJJELA SHANTHAMMA,Elected
Choppadandi,Konerupalli,Ward,4,SC(G) Gajjela Malleshmu,Elected
Choppadandi,Konerupalli,Ward,5,UR(G) KASU VENUGOPALA RAJU,Elected
Choppadandi,Konerupalli,Ward,6,UR(G) P JOSAP KUMAR,Unanimous
Choppadandi,Mangalapalli,Ward,1,BC(G) CHUKKA MALLAIAH,Unanimous
Choppadandi,Mangalapalli,Ward,2,BC(W) KADARI KANUKAMMA,Unanimous
Choppadandi,Mangalapalli,Ward,3,UR(W) PEDDILLIY VIJAYA,Unanimous
Choppadandi,Mangalapalli,Ward,4,UR(G) GADDAM MOHAN REDDY,Unanimous
Choppadandi,Mangalapalli,Ward,5,UR(G) YENUGU PRATAPAAREDDY,Unanimous
Choppadandi,Mangalapalli,Ward,6,UR(W) GUDLA LAKSHMI,Unanimous
Choppadandi,Mangalapalli,Ward,7,SC(W) BADUGU LATA,Unanimous
Choppadandi,Mangalapalli,Ward,8,SC(G) PEDDELLI SURESH,Unanimous
Choppadandi,Pedda Kurmapalli,Ward,1,BC(G) PULI KANAKAIAH,Elected
Choppadandi,Pedda Kurmapalli,Ward,2,BC(G) PULI NARESH,Elected
Choppadandi,Pedda Kurmapalli,Ward,3,BC(W) NANGI LAVANYA,Elected
Choppadandi,Pedda Kurmapalli,Ward,4,BC(W) MAHMMAD RESHMA,Elected
Choppadandi,Pedda Kurmapalli,Ward,5,UR(W) NANGI RAJAMMA,Elected
Choppadandi,Pedda Kurmapalli,Ward,6,UR(G) MAVURAM DAMODAR REDDY,Elected
Choppadandi,Pedda Kurmapalli,Ward,7,UR(W) KADARI POCHAMMA,Elected
Choppadandi,Pedda Kurmapalli,Ward,8,UR(G) KUKATLA RAJU,Elected
Choppadandi,Ragampeta,Ward,1,BC(G) BASARAVENI SRINIVAS,Elected
Choppadandi,Ragampeta,Ward,2,BC(W) SIRAVENI LAXMI,Elected
Choppadandi,Ragampeta,Ward,3,UR(G) YAMA GANGA RAJU,Unanimous
Choppadandi,Ragampeta,Ward,4,UR(G) MUNJALA RAYAMALLU,Elected
Choppadandi,Ragampeta,Ward,5,BC(W) KUKKALA ANJAMMA,Elected
Choppadandi,Ragampeta,Ward,6,BC(W) MADDI KANAKA LAXMI,Elected
Choppadandi,Ragampeta,Ward,7,UR(G) GADDAM BHOOM REDDY,Elected
Choppadandi,Ragampeta,Ward,8,UR(W) GOPU RAMA,Unanimous
Choppadandi,Ragampeta,Ward,9,SC(G) DEEKONDA SURESH,Elected
Choppadandi,Ragampeta,Ward,10,SC(G) Deekonda Prabhakar,Elected
Choppadandi,Ragampeta,Ward,11,SC(W) GASIKANTI SONIA,Elected
Choppadandi,Ragampeta,Ward,12,UR(W) PABBA ANASUYA,Elected
Choppadandi,Revelli,Ward,1,SC(G) GUGGILLA RAVICHANDAR,Elected
Choppadandi,Revelli,Ward,2,SC(W) KOMMU SUJATHA,Elected
Choppadandi,Revelli,Ward,3,UR(G) KOTHAKONDA KOMURAIAH,Unanimous
Choppadandi,Revelli,Ward,4,SC(W) GAJJELA SHAILAJA,Elected
Choppadandi,Revelli,Ward,5,SC(G) MILKURI KANAKAIAH,Unanimous
Choppadandi,Revelli,Ward,6,UR(W) UKANTI VIJAYA,Elected
Choppadandi,Revelli,Ward,7,UR(G) ANTHAGIRI ANJAIAH,Elected
Choppadandi,Revelli,Ward,8,UR(W) BANDARAPU SRILATHA,Elected
Choppadandi,Rukmapur,Ward,1,BC(W) CHELLOJU ARUNA,Elected
Choppadandi,Rukmapur,Ward,2,BC(G) MUDDASANI CHIRANJEEVI,Elected
Choppadandi,Rukmapur,Ward,3,BC(W) TATIKONDA LAXMI,Elected
Choppadandi,Rukmapur,Ward,4,BC(W) THONTI GEETHIKA,Unanimous
Choppadandi,Rukmapur,Ward,5,SC(W) LANKA DEVAMMA,Elected
Choppadandi,Rukmapur,Ward,6,SC(W) LANKA GOUTHAMI,Unanimous
Choppadandi,Rukmapur,Ward,7,SC(G) LANKA SAMPATH KUMAR,Elected
Choppadandi,Rukmapur,Ward,8,BC(G) MUDDASANI SAMPATH KUMAR,Unanimous
Choppadandi,Rukmapur,Ward,9,BC(G) ANDURTHI SRINIVAS,Elected
Choppadandi,Rukmapur,Ward,10,SC(G) MYAKALA SATHISH,Unanimous
Choppadandi,Rukmapur,Ward,11,BC(W) DONTHISARAPU SHAILAJA,Elected
Choppadandi,Rukmapur,Ward,12,BC(G) MUDDDASANI KUMAR,Elected
Choppadandi,Sambaiahpalli,Ward,1,SC(G) KOTHAPELLI RAJU,Elected
Choppadandi,Sambaiahpalli,Ward,2,SC(W) KATTEKOLA YASHODA,Elected
Choppadandi,Sambaiahpalli,Ward,3,UR(G) MACHARLA DEVENDER,Elected
Choppadandi,Sambaiahpalli,Ward,4,UR(W) UDARAM ASHWINI,Elected
Choppadandi,Sambaiahpalli,Ward,5,BC(W) SANNDEVENI MOUNIKA,Unanimous
Choppadandi,Sambaiahpalli,Ward,6,UR(G) MACHARLA MALLESWAR RAO,Elected
Choppadandi,Sambaiahpalli,Ward,7,SC(G) LINGAMPELLI ASHOK,Elected
Choppadandi,Sambaiahpalli,Ward,8,UR(W) KALVA RAMYASHRI,Unanimous
Choppadandi,Vedurugatta,Ward,1,UR(G) JATHARAGONDA SANJEEV,Elected
Choppadandi,Vedurugatta,Ward,2,BC(W) PENCHALA MADHAVI,Elected
Choppadandi,Vedurugatta,Ward,3,BC(G) PAMBALA KUMARA SWAMY,Elected
Choppadandi,Vedurugatta,Ward,4,UR(G) BACHU MOUNIKA,Elected
Choppadandi,Vedurugatta,Ward,5,UR(G) NYALAKONDA NARAYANA RAO,Elected
Choppadandi,Vedurugatta,Ward,6,BC(G) POCHAMPELLI NARAYANA,Elected
Choppadandi,Vedurugatta,Ward,7,UR(W) ADDAGUNTA VIDYA,Elected
Choppadandi,Vedurugatta,Ward,8,SC(W) ERUGURALA SUJATHA,Elected
Choppadandi,Vedurugatta,Ward,9,UR(W) VADLAKONDA KAVITHA,Elected
Choppadandi,Vedurugatta,Ward,10,SC(W) CHILUKA DEVENDRA,Elected
Choppadandi,Vedurugatta,Ward,11,UR(G) PANTHANGI SRINIVAS,Elected
Choppadandi,Vedurugatta,Ward,12,SC(G) CHILUKA RAJU,Elected
Ellandakunta,Bogampad,Ward,1,UR(W) LALITA KUNTA,Unanimous
Ellandakunta,Bogampad,Ward,2,BC(G) MOGILI,Unanimous
Ellandakunta,Bogampad,Ward,3,BC(G) MAHENDER ADDURI,Unanimous
Ellandakunta,Bogampad,Ward,4,UR(W) LAXMI UMMADI,Unanimous
Ellandakunta,Bogampad,Ward,5,UR(G) THIRPATHI NARRA,Elected
Ellandakunta,Bogampad,Ward,6,UR(W) PRODUTRI VIMALA,Unanimous
Ellandakunta,Bogampad,Ward,7,UR(W) PRAMILA JILLELA,Unanimous
Ellandakunta,Bogampad,Ward,8,BC(W) MULA UMADEVI,Unanimous
Ellandakunta,Buzunoor,Ward,1,BC(G) BHASHAVENI MALLAIAH,Elected
Ellandakunta,Buzunoor,Ward,2,BC(W) MANDALA SUNITHA,Elected
Ellandakunta,Buzunoor,Ward,3,BC(G) RAJ KOMRAIAH MANDALA,Elected
Ellandakunta,Buzunoor,Ward,4,BC(G) CHARLAPALLY SURYANARAYANA,Elected
Ellandakunta,Buzunoor,Ward,5,UR(W) EDLA SULOCHANA,Elected
Ellandakunta,Buzunoor,Ward,6,SC(G) SOMIDI SURENDAR,Elected
Ellandakunta,Buzunoor,Ward,7,SC(W) SARIGOMULA SWAROOPA,Elected
Ellandakunta,Buzunoor,Ward,8,SC(W) PADMA SONGA,Elected
Ellandakunta,Chinnakomatipalli,Ward,1,BC(G) RAJUKUMAR NELLI,Elected
Ellandakunta,Chinnakomatipalli,Ward,2,BC(G) Ravi Chukka,Elected
Ellandakunta,Chinnakomatipalli,Ward,3,BC(W) RAMA MUDEDLA,Unanimous
Ellandakunta,Chinnakomatipalli,Ward,4,BC(W) MUDEDLA RAMA,Elected
Ellandakunta,Chinnakomatipalli,Ward,5,BC(W) GOURI Neelam,Elected
Ellandakunta,Chinnakomatipalli,Ward,6,BC(G) CHITLA BIKSHAPATHI,Elected
Ellandakunta,Chinnakomatipalli,Ward,7,BC(W) RAJITHA,Elected
Ellandakunta,Chinnakomatipalli,Ward,8,SC(G) MUKKA PRAVEEN,Elected
Ellandakunta,Ellandakunta,Ward,1,UR(G) RAVINDAR REDDY KANKANALA,Unanimous
Ellandakunta,Ellandakunta,Ward,2,UR(W) RAMADAEVI KANKANALA,Elected
Ellandakunta,Ellandakunta,Ward,3,BC(W) GURRAM MAMATHA,Elected
Ellandakunta,Ellandakunta,Ward,4,SC(W) ARUNA RENUKUNTLA,Elected
Ellandakunta,Ellandakunta,Ward,5,SC(W) NAGARANI PODETI,Elected
Ellandakunta,Ellandakunta,Ward,6,SC(G) PRASHANTH MARAPELLI,Elected
Ellandakunta,Ellandakunta,Ward,7,SC(G) PODETI VENU,Elected
Ellandakunta,Ellandakunta,Ward,8,BC(G) KANDALA VIKRAM,Elected
Ellandakunta,Ellandakunta,Ward,9,BC(G) THIRUPATHI DAMASANI,Elected
Ellandakunta,Ellandakunta,Ward,10,UR(W) PAIDIMALLA KAVYA SRI,Elected
Ellandakunta,Ellandakunta,Ward,11,BC(G) RAVULA RAJABABU,Elected
Ellandakunta,Ellandakunta,Ward,12,BC(W) KAMMAGONI SWARUPA,Elected
Ellandakunta,Gaddivanipalli,Ward,1,SC(G) RAUTU SAMPATH,Unanimous
Ellandakunta,Gaddivanipalli,Ward,2,UR(G) KUKATLA RAJU,Unanimous
Ellandakunta,Gaddivanipalli,Ward,3,UR(W) KOMALA GORLA,Unanimous
Ellandakunta,Gaddivanipalli,Ward,4,UR(W) Kalala Lakshmi,Unanimous
Ellandakunta,Gaddivanipalli,Ward,5,BC(G) GADDI ANIL,Elected
Ellandakunta,Gaddivanipalli,Ward,6,BC(W) Jangam Lakshmi,Unanimous
Ellandakunta,Gaddivanipalli,Ward,7,BC(W) MISA SRILATHA,Unanimous
Ellandakunta,Gaddivanipalli,Ward,8,UR(G) MAMIDI SRINIVAS,Unanimous
Ellandakunta,Kanagarthi,Ward,1,UR(G) VATTEPALLI RAJU,Unanimous
Ellandakunta,Kanagarthi,Ward,2,UR(G) THIRUPATHIREDDY MATTA,Elected
Ellandakunta,Kanagarthi,Ward,3,SC(W) TEJARANI RAMANCHA,Elected
Ellandakunta,Kanagarthi,Ward,4,SC(G) SAMBAIAH RAMANCHA,Elected
Ellandakunta,Kanagarthi,Ward,5,SC(W) RAMANCHA KAVITHA,Elected
Ellandakunta,Kanagarthi,Ward,6,SC(W) Lalita Parlapelli,Elected
Ellandakunta,Kanagarthi,Ward,7,BC(G) Samanu Mahendar,Elected
Ellandakunta,Kanagarthi,Ward,8,BC(G) BACHCHALI VEERANNA,Elected
Ellandakunta,Kanagarthi,Ward,9,BC(W) Dargula Thirupathamma,Elected
Ellandakunta,Kanagarthi,Ward,10,UR(W) BOJA APARNA,Elected
Ellandakunta,Laxmajipalli,Ward,1,UR(W) ANTAM HEMALATA,Elected
Ellandakunta,Laxmajipalli,Ward,2,BC(G) MUSKA KUMARASWAMI,Elected
Ellandakunta,Laxmajipalli,Ward,3,BC(W) KODURI RANI,Elected
Ellandakunta,Laxmajipalli,Ward,4,BC(W) KODURI RAJITA,Elected
Ellandakunta,Laxmajipalli,Ward,5,BC(W) KINNERA MANEMMA,Elected
Ellandakunta,Laxmajipalli,Ward,6,UR(G) UPPULA RAVINDAR REDDY,Elected
Ellandakunta,Laxmajipalli,Ward,7,UR(G) NALLA SHANKAR REDDY,Elected
Ellandakunta,Laxmajipalli,Ward,8,UR(W) NALLA PADMA,Elected
Ellandakunta,Laxmajipalli,Ward,9,BC(G) NARESH PALLABOIN,Elected
Ellandakunta,Laxmajipalli,Ward,10,BC(G) VANGA RAAJAIAH,Elected
Ellandakunta,Mallaial,Ward,1,UR(G) ARELLI MAHENDAR,Elected
Ellandakunta,Mallaial,Ward,2,UR(W) GORRE LALITA,Elected
Ellandakunta,Mallaial,Ward,3,UR(W) PAIDIPELLI VIJAILAXMI,Elected
Ellandakunta,Mallaial,Ward,4,SC(G) Chiluveru Nagamani,Elected
Ellandakunta,Mallaial,Ward,5,SC(G) GURUKUNTLA RAMESH,Unanimous
Ellandakunta,Mallaial,Ward,6,BC(W) GUDIKANDULA PAVANI,Elected
Ellandakunta,Mallaial,Ward,7,UR(G) KUMARASVAMI GANDU,Elected
Ellandakunta,Mallaial,Ward,8,SC(G) TADEM SATISH kumar,Elected
Ellandakunta,Mallaial,Ward,9,SC(W) GUDEPU RAMADEVI,Elected
Ellandakunta,Mallaial,Ward,10,SC(W) AKUNURI JAYA,Elected
Ellandakunta,Mallannapalli,Ward,1,BC(W) BUDDHARTI LATHA,Unanimous
Ellandakunta,Mallannapalli,Ward,2,BC(W) PANTHARTI Jamuna,Unanimous
Ellandakunta,Mallannapalli,Ward,3,BC(G) GANDHAM RAVEENDAR,Unanimous
Ellandakunta,Mallannapalli,Ward,4,UR(G) MOHANREDDY CHALLA,Unanimous
Ellandakunta,Mallannapalli,Ward,5,UR(G) YENUGU SWAPNA,Elected
Ellandakunta,Mallannapalli,Ward,6,UR(G) KALAALI JAYAPAL,Unanimous
Ellandakunta,Mallannapalli,Ward,7,BC(G) KUMAR EDA,Unanimous
Ellandakunta,Mallannapalli,Ward,8,BC(W) TELUKUNTLA Swapna,Unanimous
Ellandakunta,Marrivanipalli,Ward,1,UR(G) MARRI BUCHIMALLA RAMREDDY,Elected
Ellandakunta,Marrivanipalli,Ward,2,BC(G) GURIJALA THIRUPATHI,Elected
Ellandakunta,Marrivanipalli,Ward,3,BC(W) DHUJATI SRIVANI,Elected
Ellandakunta,Marrivanipalli,Ward,4,UR(W) BODA MAMATHA,Elected
Ellandakunta,Marrivanipalli,Ward,5,BC(W) PEDDI SWAPNA,Elected
Ellandakunta,Marrivanipalli,Ward,6,SC(G) KODAM SANJEEV,Elected
Ellandakunta,Marrivanipalli,Ward,7,UR(G) MARRI PUSHPAMALA,Elected
Ellandakunta,Marrivanipalli,Ward,8,UR(G) ENUGU YUGENDERREDDY,Elected
Ellandakunta,Patharlapalli,Ward,1,UR(G) A SURENDERREDDY,Elected
Ellandakunta,Patharlapalli,Ward,2,UR(W) AURUNA KODARI,Unanimous
Ellandakunta,Patharlapalli,Ward,3,SC(G) K GANESH,Elected
Ellandakunta,Patharlapalli,Ward,4,UR(G) G LATHA,Elected
Ellandakunta,Patharlapalli,Ward,5,SC(W) CH THIRUMALA,Elected
Ellandakunta,Patharlapalli,Ward,6,SC(W) RAM RAMA,Elected
Ellandakunta,Patharlapalli,Ward,7,SC(G) RAM SRIKANTH,Elected
Ellandakunta,Patharlapalli,Ward,8,SC(G) KODAM VASU,Elected
Ellandakunta,Rachapalli,Ward,1,UR(W) MADDURI KOMALA,Elected
Ellandakunta,Rachapalli,Ward,2,BC(G) PENDLI SATHISH KUMAR,Elected
Ellandakunta,Rachapalli,Ward,3,BC(W) ARELLI SUNITHA,Elected
Ellandakunta,Rachapalli,Ward,4,BC(W) Gouda Komala,Elected
Ellandakunta,Rachapalli,Ward,5,UR(W) MANASA,Elected
Ellandakunta,Rachapalli,Ward,6,UR(G) Nagesh Chidurala,Elected
Ellandakunta,Rachapalli,Ward,7,BC(G) CHAKRAPANI PANJALA,Elected
Ellandakunta,Rachapalli,Ward,8,BC(W) AARELLI VANITHA,Elected
Ellandakunta,Rachapalli,Ward,9,UR(G) RANGAREDDY KATANGURI,Elected
Ellandakunta,Rachapalli,Ward,10,SC(G) BANDA SADANANDAM,Elected
Ellandakunta,Seethmpet,Ward,1,BC(G) THUPAKULA SWAROOPA,Elected
Ellandakunta,Seethmpet,Ward,2,BC(W) PEDDOJU RAMESH,Elected
Ellandakunta,Seethmpet,Ward,3,BC(W) BAKKATHATLA SANDYA,Elected
Ellandakunta,Seethmpet,Ward,4,SC(W) MYSA ELLAIAH,Elected
Ellandakunta,Seethmpet,Ward,5,BC(G) PEDDOJU SURESH,Elected
Ellandakunta,Seethmpet,Ward,6,SC(G) GUNDLA SAGAR,Elected
Ellandakunta,Seethmpet,Ward,7,BC(W) SARASWATHI POTHANA,Elected
Ellandakunta,Seethmpet,Ward,8,BC(W) CHILUKA SWAPNA,Elected
Ellandakunta,Seethmpet,Ward,9,BC(G) CHERLAPALLI VENKATESH,Elected
Ellandakunta,Seethmpet,Ward,10,BC(W) KLALA JANAKI,Elected
Ellandakunta,Sirsedu,Ward,1,UR(W) JODU RAJITA,Elected
Ellandakunta,Sirsedu,Ward,2,BC(G) SURESH,Elected
Ellandakunta,Sirsedu,Ward,3,BC(W) PUTTA SWAROOPA,Elected
Ellandakunta,Sirsedu,Ward,4,BC(G) ALLETI RAMESH,Elected
Ellandakunta,Sirsedu,Ward,5,BC(G) MANJULA ANAGONI,Elected
Ellandakunta,Sirsedu,Ward,6,BC(G) JAVAJI SRINIVAS,Elected
Ellandakunta,Sirsedu,Ward,7,BC(G) MURAHARI PURNACHANDER,Elected
Ellandakunta,Sirsedu,Ward,8,UR(W) ANITHA,Elected
Ellandakunta,Sirsedu,Ward,9,SC(G) CHANDRAMAULI BOGAM,Elected
Ellandakunta,Sirsedu,Ward,10,SC(W) BOGAM VIJAYASREE,Elected
Ellandakunta,Sirsedu,Ward,11,SC(G) RENUKUNTLA RAJU,Unanimous
Ellandakunta,Sirsedu,Ward,12,SC(W) RENUKUNTLA SHYAMALA,Elected
Ellandakunta,Sriramulapalli,Ward,1,SC(G) CHITYALA PRABHAKAR,Elected
Ellandakunta,Sriramulapalli,Ward,2,SC(W) VANTHADUPULA RAJYALAXMI,Elected
Ellandakunta,Sriramulapalli,Ward,3,SC(G) MEKALA KUMARASWAMI,Elected
Ellandakunta,Sriramulapalli,Ward,4,BC(G) RAJESHVARI TIPPARBOYINA,Elected
Ellandakunta,Sriramulapalli,Ward,5,BC(W) LAKSHMI ASALA,Elected
Ellandakunta,Sriramulapalli,Ward,6,BC(W) ARABATI SRUJANA,Unanimous
Ellandakunta,Sriramulapalli,Ward,7,BC(G) ENGLE SANTAJEE,Elected
Ellandakunta,Sriramulapalli,Ward,8,BC(G) GUTHIKONDA RAVIKUMAR,Unanimous
Ellandakunta,Sriramulapalli,Ward,9,UR(W) HAIMAVATI GARAMPALLI,Elected
Ellandakunta,Sriramulapalli,Ward,10,UR(G) GARAMPELLI SUDHAKAR,Elected
Ellandakunta,Tekurthi,Ward,1,BC(G) SWAMI PAIDIMALLA,Elected
Ellandakunta,Tekurthi,Ward,2,BC(W) THODETI KAVITHA,Unanimous
Ellandakunta,Tekurthi,Ward,3,BC(G) KAUSAR SULTAN BEGAM,Elected
Ellandakunta,Tekurthi,Ward,4,BC(G) SHANAVENA SARAIAH,Elected
Ellandakunta,Tekurthi,Ward,5,BC(W) KOMALA SHANAVENA,Elected
Ellandakunta,Tekurthi,Ward,6,SC(W) RAADAMMA POTHULA,Unanimous
Ellandakunta,Tekurthi,Ward,7,SC(W) MOATE VINODA,Elected
Ellandakunta,Tekurthi,Ward,8,SC(G) RAMESH KANNURI,Elected
Ellandakunta,Tekurthi,Ward,9,SC(G) Kannuri Suresh,Unanimous
Ellandakunta,Tekurthi,Ward,10,UR(W) SUJATA AWALA,Elected
Ellandakunta,Vagoddu Ramannapalli,Ward,1,BC(G) KARTLA PALLY RAMAYA,Unanimous
Ellandakunta,Vagoddu Ramannapalli,Ward,2,BC(W) CHINTHAM SRILATHA,Unanimous
Ellandakunta,Vagoddu Ramannapalli,Ward,3,BC(G) GOPU CHANDRAMOULI,Unanimous
Ellandakunta,Vagoddu Ramannapalli,Ward,4,BC(G) NAREDLA BHADRAIAH,Unanimous
Ellandakunta,Vagoddu Ramannapalli,Ward,5,BC(G) VANKE SAMBAIAH,Unanimous
Ellandakunta,Vagoddu Ramannapalli,Ward,6,BC(W) ANARAPU MAMTHA,Unanimous
Ellandakunta,Vagoddu Ramannapalli,Ward,7,BC(G) ERUVALA RAMEDH,Unanimous
Ellandakunta,Vagoddu Ramannapalli,Ward,8,BC(W) KARINGULA SULOCHANA,Unanimous
Ellandakunta,Vanthadupula,Ward,1,BC(G) PENUKULA RAJU,Elected
Ellandakunta,Vanthadupula,Ward,2,BC(W) HAIMAVATI NATADI,Elected
Ellandakunta,Vanthadupula,Ward,3,UR(W) SWARUPA PINGALI,Elected
Ellandakunta,Vanthadupula,Ward,4,UR(G) BOMMIDI SRIDHAR REDDY,Elected
Ellandakunta,Vanthadupula,Ward,5,SC(W) LAKSHMI GOODEPU,Elected
Ellandakunta,Vanthadupula,Ward,6,BC(W) MOGILIPAK SHARADA,Elected
Ellandakunta,Vanthadupula,Ward,7,SC(G) SAPPI KOMURAIAH,Elected
Ellandakunta,Vanthadupula,Ward,8,SC(W) SAPPI MAMATHA,Elected
Gannervaram,Chakalivanipally,Ward,1,SC(W) Bamandla Rajavve,Unanimous
Gannervaram,Chakalivanipally,Ward,2,SC(G) Repaka Babu,Elected
Gannervaram,Chakalivanipally,Ward,3,SC(G) Koduri Shankaraiah,Elected
Gannervaram,Chakalivanipally,Ward,4,BC(G) Koona Karnakar,Elected
Gannervaram,Chakalivanipally,Ward,5,BC(G) Koona Sampath,Elected
Gannervaram,Chakalivanipally,Ward,6,BC(W) KOONA LAVYANYA,Elected
Gannervaram,Chakalivanipally,Ward,7,BC(W) Koona Kankavva,Elected
Gannervaram,Chakalivanipally,Ward,8,BC(W) Koona Sharadha,Elected
Gannervaram,Cheemalakuntapally,Ward,1,BC(W) REKHA SAMBU,Elected
Gannervaram,Cheemalakuntapally,Ward,2,BC(W) GAJE SARAVVA,Elected
Gannervaram,Cheemalakuntapally,Ward,3,BC(W) KUSUMBA SUJATHA,Unanimous
Gannervaram,Cheemalakuntapally,Ward,4,SC(G) BAMANDLA THIRUPATHI,Elected
Gannervaram,Cheemalakuntapally,Ward,5,SC(G) BAMANDLA ANJANEYULU,Elected
Gannervaram,Cheemalakuntapally,Ward,6,BC(G) VAJRA MALLESHAM,Elected
Gannervaram,Cheemalakuntapally,Ward,7,BC(G) JANGITI PRAKASH,Elected
Gannervaram,Cheemalakuntapally,Ward,8,SC(W) MASHAM SURAVVA,Elected
Gannervaram,Chokkaraopally,Ward,1,SC(W) Mogga Sharadha,Unanimous
Gannervaram,Chokkaraopally,Ward,2,UR(G) Alluri Srinath reddy,Elected
Gannervaram,Chokkaraopally,Ward,3,UR(G) Gunreddy Mallareddy,Elected
Gannervaram,Chokkaraopally,Ward,4,UR(W) Annadi Chandravva,Unanimous
Gannervaram,Chokkaraopally,Ward,5,BC(W) BOORA SAI LATHA,Elected
Gannervaram,Chokkaraopally,Ward,6,BC(G) Boora srikanth,Elected
Gannervaram,Chokkaraopally,Ward,7,UR(W) Musku TEJASWINI,Unanimous
Gannervaram,Chokkaraopally,Ward,8,SC(G) kavvampelly Mallesham,Unanimous
Gannervaram,Ganneruvaram,Ward,1,BC(G) Burra Janardhan,Elected
Gannervaram,Ganneruvaram,Ward,2,SC(G) Ramancha Swamy,Elected
Gannervaram,Ganneruvaram,Ward,3,UR(W) Chinthala Navya,Elected
Gannervaram,Ganneruvaram,Ward,4,BC(W) Boddu Pushpa Latha,Elected
Gannervaram,Ganneruvaram,Ward,5,BC(G) Pullela Narender,Elected
Gannervaram,Ganneruvaram,Ward,6,SC(G) Teku Anilkumar,Elected
Gannervaram,Ganneruvaram,Ward,7,BC(G) Tella Ravindeer,Elected
Gannervaram,Ganneruvaram,Ward,8,BC(W) Boora Rajamani,Elected
Gannervaram,Ganneruvaram,Ward,9,BC(G) Boora Venkateshwar,Elected
Gannervaram,Ganneruvaram,Ward,10,SC(W) Nyatha Latha,Elected
Gannervaram,Ganneruvaram,Ward,11,SC(W) Nakka Varshini,Elected
Gannervaram,Ganneruvaram,Ward,12,SC(W) Palepu Sravani,Elected
Gannervaram,Gopalpur,Ward,1,SC(W) JELLA RAJESHWARI,Unanimous
Gannervaram,Gopalpur,Ward,2,BC(W) BARIGELA SATHYA,Unanimous
Gannervaram,Gopalpur,Ward,3,BC(G) GAJEA NARASIMHASWAMI,Unanimous
Gannervaram,Gopalpur,Ward,4,UR(G) AKULA SWAMY,Unanimous
Gannervaram,Gopalpur,Ward,5,UR(W) RYAKAM BHAGYALAXMI,Unanimous
Gannervaram,Gopalpur,Ward,6,UR(G) ANIL GONTI,Unanimous
Gannervaram,Gopalpur,Ward,7,UR(W) SRAVANTHI GONTI,Unanimous
Gannervaram,Gopalpur,Ward,8,SC(G) KOMPELLI SRINIVAS,Unanimous
Gannervaram,Gundlapally,Ward,1,UR(G) BHAGATH REDDY CHADA,Unanimous
Gannervaram,Gundlapally,Ward,2,UR(G) RAM REDDY VANGALA,Elected
Gannervaram,Gundlapally,Ward,3,SC(W) SRAVANTHI SOLLU,Elected
Gannervaram,Gundlapally,Ward,4,BC(W) KALVA ANITHA,Elected
Gannervaram,Gundlapally,Ward,5,BC(W) THAMMANAVENI BHOODAVVA,Elected
Gannervaram,Gundlapally,Ward,6,UR(G) RAVINDER REDDY VANGALA,Elected
Gannervaram,Gundlapally,Ward,7,BC(W) CHINTHALA PADMA,Elected
Gannervaram,Gundlapally,Ward,8,BC(G) PAMBALA YELLAIAH,Elected
Gannervaram,Gundlapally,Ward,9,BC(G) SURESH KUMAR DHONE,Elected
Gannervaram,Gundlapally,Ward,10,UR(W) SUGUNA PUTTA,Elected
Gannervaram,Gunukula Kondapur,Ward,1,BC(W) CHOKKALA ANJALI,Elected
Gannervaram,Gunukula Kondapur,Ward,2,BC(G) GUDELLI NARESH,Elected
Gannervaram,Gunukula Kondapur,Ward,3,SC(W) MULUKALA RAMA,Elected
Gannervaram,Gunukula Kondapur,Ward,4,SC(G) BOINI SAMPATH,Elected
Gannervaram,Gunukula Kondapur,Ward,5,SC(W) HANMANDLA PADMA,Elected
Gannervaram,Gunukula Kondapur,Ward,6,BC(W) JAGIRI RAJITHA,Elected
Gannervaram,Gunukula Kondapur,Ward,7,BC(G) LAXMAN NYALAPATLA,Elected
Gannervaram,Gunukula Kondapur,Ward,8,BC(G) LINGAMPALLI SHANKAR,Elected
Gannervaram,Gunukula Kondapur,Ward,9,BC(G) NAGAPURI SHANKAR,Elected
Gannervaram,Gunukula Kondapur,Ward,10,BC(W) SAVULA RAJITHA,Unanimous
Gannervaram,Hanmajipally,Ward,1,UR(G) VENKAT REDDY NANDHI KONDA,Elected
Gannervaram,Hanmajipally,Ward,2,BC(W) DASARI LAXMI,Elected
Gannervaram,Hanmajipally,Ward,3,BC(G) KOORAPATI SAMMAIAH,Elected
Gannervaram,Hanmajipally,Ward,4,BC(W) GATTU KAVITHA,Elected
Gannervaram,Hanmajipally,Ward,5,BC(W) GATTU PADMA,Elected
Gannervaram,Hanmajipally,Ward,6,UR(W) SUNKARI RAJITHA,Elected
Gannervaram,Hanmajipally,Ward,7,BC(W) KAMALAMMA PARUNANDHI,Elected
Gannervaram,Hanmajipally,Ward,8,UR(G) RAJAIAH ELAGANDHULA,Elected
Gannervaram,Hanmajipally,Ward,9,BC(G) BANDELA MALLESHAM,Elected
Gannervaram,Hanmajipally,Ward,10,BC(G) SAMMAIAH AKENA,Elected
Gannervaram,Jangapally,Ward,1,BC(W) RANGU LAXMI,Elected
Gannervaram,Jangapally,Ward,2,SC(G) SUDDALA RAM MOHAN,Elected
Gannervaram,Jangapally,Ward,3,BC(W) KOTHI RAJITHA,Elected
Gannervaram,Jangapally,Ward,4,BC(W) GEEKURU LATHA,Unanimous
Gannervaram,Jangapally,Ward,5,BC(W) GUNTUKA PAVANI,Elected
Gannervaram,Jangapally,Ward,6,BC(W) REVOJU PRANITHA,Elected
Gannervaram,Jangapally,Ward,7,BC(G) BURRA SAMPATH,Elected
Gannervaram,Jangapally,Ward,8,BC(G) ERUMANDLA ELLAIAH,Elected
Gannervaram,Jangapally,Ward,9,UR(W) SUNKAM MAMATHA,Elected
Gannervaram,Jangapally,Ward,10,SC(W) KONKATI RAJAVVA,Elected
Gannervaram,Kasimpet,Ward,1,UR(W) SANDAVENI MANJULA,Elected
Gannervaram,Kasimpet,Ward,2,SC(G) VEERAIAH RYAGANTI,Elected
Gannervaram,Kasimpet,Ward,3,SC(W) LAXMI BATHULA,Elected
Gannervaram,Kasimpet,Ward,4,UR(W) RENUKA BOJJA,Elected
Gannervaram,Kasimpet,Ward,5,BC(W) SUNITHA SANDAVENI,Elected
Gannervaram,Kasimpet,Ward,6,SC(G) SANTHOSH KUMAR KALLEPALLI,Elected
Gannervaram,Kasimpet,Ward,7,UR(G) BADDAM SAMPATH REDDY,Elected
Gannervaram,Kasimpet,Ward,8,UR(G) YELLAIAH BURRA,Elected
Gannervaram,Madhapur,Ward,1,UR(W) NUNE ANJAVVA,Unanimous
Gannervaram,Madhapur,Ward,2,UR(W) NAGULA YAMUNA,Elected
Gannervaram,Madhapur,Ward,3,UR(G) NUNE SRINIVAS REDDY,Elected
Gannervaram,Madhapur,Ward,4,UR(G) ASARI PARSHARAMULU,Elected
Gannervaram,Madhapur,Ward,5,BC(W) MARGAM NAVITHA,Elected
Gannervaram,Madhapur,Ward,6,SC(G) SAMPATHI YELLAIAH,Elected
Gannervaram,Madhapur,Ward,7,SC(W) SUNKARI SARITHA,Elected
Gannervaram,Madhapur,Ward,8,SC(G) SAMPATHI VENKATAIAH,Elected
Gannervaram,Mylaram,Ward,1,SC(G) JAKKANAPALLY VENU,Elected
Gannervaram,Mylaram,Ward,2,BC(W) GUVVA LAXMI,Elected
Gannervaram,Mylaram,Ward,3,BC(W) GUVVA SUNITHA,Elected
Gannervaram,Mylaram,Ward,4,UR(G) MUTHYALA JAGAN REDDY,Elected
Gannervaram,Mylaram,Ward,5,BC(G) MARRI PARASHARAMULU,Elected
Gannervaram,Mylaram,Ward,6,BC(W) BANDI RAJITHA,Elected
Gannervaram,Mylaram,Ward,7,SC(G) SAMUDRALA KARISHMA,Elected
Gannervaram,Mylaram,Ward,8,SC(G) KADASI KUMARA SWAMY,Elected
Gannervaram,Paruvella,Ward,1,UR(G) BANDIPELLY SANTHOSH,Elected
Gannervaram,Paruvella,Ward,2,SC(W) MANKALA SHANKARAVVA,Unanimous
Gannervaram,Paruvella,Ward,3,BC(W) SANDAVENI MANASA,Elected
Gannervaram,Paruvella,Ward,4,UR(G) LAVANYA SINGIREDDY,Elected
Gannervaram,Paruvella,Ward,5,UR(G) RAMREDDY YALLA,Elected
Gannervaram,Paruvella,Ward,6,UR(W) BODA PADMA,Unanimous
Gannervaram,Paruvella,Ward,7,BC(G) AKKARAJU AASHAIAH,Elected
Gannervaram,Paruvella,Ward,8,BC(G) CHEKKILLA THIRUPATHI,Elected
Gannervaram,Peechupally,Ward,1,SC(W) BEJJANKI MONDAVVA,Unanimous
Gannervaram,Peechupally,Ward,2,BC(G) ATIKAM RAMESH,Unanimous
Gannervaram,Peechupally,Ward,3,BC(W) VOLLALA YELLAVVA,Unanimous
Gannervaram,Peechupally,Ward,4,UR(G) LOKA VEERA REDDY,Unanimous
Gannervaram,Peechupally,Ward,5,SC(G) BOINI VENKATESH,Elected
Gannervaram,Peechupally,Ward,6,UR(W) PEECHU CHANDRA KALA,Elected
Huzurabad,Bothalapally,Ward,1,BC(W) BHASHABOYINA KOMALA,Elected
Huzurabad,Bothalapally,Ward,2,BC(G) Bonthala Vijay Sagar,Elected
Huzurabad,Bothalapally,Ward,3,UR(G) SUNKARI SYAMSUNDHAREDDY,Elected
Huzurabad,Bothalapally,Ward,4,BC(G) PANJALA RAKESH SRAVANKUMAR,Elected
Huzurabad,Bothalapally,Ward,5,BC(W) MAMIDI SAROJANA,Elected
Huzurabad,Bothalapally,Ward,6,UR(W) SUNKARI LATHA,Elected
Huzurabad,Bothalapally,Ward,7,UR(G) RAMCHANDRAREDDY SUNKARI,Elected
Huzurabad,Bothalapally,Ward,8,UR(W) REBELLI RAJITHA,Unanimous
Jammikunta,Ankusapoor,Ward,1,BC(W) SWETHA BAVANDLAPALLI,Elected
Jammikunta,Ankusapoor,Ward,2,BC(W) ARUNA MILKURI,Elected
Jammikunta,Ankusapoor,Ward,3,BC(G) CHELPURI RAMULU,Elected
Jammikunta,Ankusapoor,Ward,4,UR(G) ASHOK MILKURI,Elected
Jammikunta,Ankusapoor,Ward,5,BC(W) SWARUPA GOPU,Elected
Jammikunta,Ankusapoor,Ward,6,BC(W) TULASIBAI VAJJEPALLI,Elected
Jammikunta,Ankusapoor,Ward,7,BC(G) BAPOO RAO BAMANDLAPALLI,Elected
Jammikunta,Ankusapoor,Ward,8,BC(G) THATIPAMULA SRIDHAR,Unanimous
Jammikunta,Bijigirshareef,Ward,1,BC(W) BIJIGIRI LAXMI,Elected
Jammikunta,Bijigirshareef,Ward,2,BC(G) Mahmad Pakriddin,Elected
Jammikunta,Bijigirshareef,Ward,3,BC(W) MADISHETTI SHREELATHA,Elected
Jammikunta,Bijigirshareef,Ward,4,UR(G) Jitendar Areddy Chandupatla,Elected
Jammikunta,Bijigirshareef,Ward,5,BC(G) SAMBARAAJAIAH GIRANALA,Unanimous
Jammikunta,Bijigirshareef,Ward,6,SC(G) RACHAPELLI PRAMOD,Elected
Jammikunta,Bijigirshareef,Ward,7,SC(W) JAYA CHITYALA,Elected
Jammikunta,Bijigirshareef,Ward,8,SC(G) RACHAPALLY DHARMENDER,Elected
Jammikunta,Bijigirshareef,Ward,9,SC(W) LAKSHMI RACHAPALLE,Elected
Jammikunta,Bijigirshareef,Ward,10,BC(W) Saaleha,Elected
Jammikunta,Gandrapalli,Ward,1,BC(W) PADMA ORSU,Elected
Jammikunta,Gandrapalli,Ward,2,UR(W) SAMMAKKA KAMANDLA,Elected
Jammikunta,Gandrapalli,Ward,3,UR(W) SAROJANA LINGAMPALLY,Unanimous
Jammikunta,Gandrapalli,Ward,4,UR(G) VEERAM NENI Rajeshwar rao,Elected
Jammikunta,Gandrapalli,Ward,5,UR(G) SAMPAT RAO GANDRA,Elected
Jammikunta,Gandrapalli,Ward,6,BC(W) GADE RADHAMMA,Elected
Jammikunta,Gandrapalli,Ward,7,BC(G) RAMULU GADE,Elected
Jammikunta,Gandrapalli,Ward,8,BC(G) GADE KUMARASWAMY,Elected
Jammikunta,Gandrapalli,Ward,9,BC(W) RAVULA SWARUPA,Unanimous
Jammikunta,Gandrapalli,Ward,10,UR(G) MURALI GUNTI,Elected
Jammikunta,Jaggaiahpalli,Ward,1,BC(G) KANKALA SRIKANTH,Elected
Jammikunta,Jaggaiahpalli,Ward,2,BC(G) KANKATA RAJU,Elected
Jammikunta,Jaggaiahpalli,Ward,3,UR(G) Tumula Thirupathi rao,Unanimous
Jammikunta,Jaggaiahpalli,Ward,4,UR(W) Oruganti SWarupa,Elected
Jammikunta,Jaggaiahpalli,Ward,5,BC(G) RAVINDAR DUGGINALA,Elected
Jammikunta,Jaggaiahpalli,Ward,6,UR(W) KALKUNTLASUNITA,Elected
Jammikunta,Jaggaiahpalli,Ward,7,SC(G) KUMARASVAMI MOLGURI,Elected
Jammikunta,Jaggaiahpalli,Ward,8,SC(W) PADMA NANDIPATA,Elected
Jammikunta,Jaggaiahpalli,Ward,9,BC(W) NIMMALA HYMA,Unanimous
Jammikunta,Jaggaiahpalli,Ward,10,BC(W) Kore Radha,Unanimous
Jammikunta,Korapalli,Ward,1,BC(G) KALLAPELLI KUMARASWAMY,Elected
Jammikunta,Korapalli,Ward,2,BC(W) MADDERLA ARUNA DEVI,Elected
Jammikunta,Korapalli,Ward,3,UR(G) SVAMI RAO POLSANI,Elected
Jammikunta,Korapalli,Ward,4,BC(W) NALLAGASHA BHAGYALAXMI,Elected
Jammikunta,Korapalli,Ward,5,BC(W) KANDI KAVITHA,Elected
Jammikunta,Korapalli,Ward,6,BC(G) Odelu GiriVena,Elected
Jammikunta,Korapalli,Ward,7,BC(W) SHWETA GIRIVENI,Elected
Jammikunta,Korapalli,Ward,8,BC(W) GIRAVENA LEKHANA,Elected
Jammikunta,Korapalli,Ward,9,BC(G) Tatikanti Ravi,Elected
Jammikunta,Korapalli,Ward,10,BC(G) PINGILI SURESH,Elected
Jammikunta,Korapalli,Ward,11,UR(G) KONDAL REDDY BAI REDDY,Elected
Jammikunta,Korapalli,Ward,12,UR(W) KANTALA KAVITA,Elected
Jammikunta,Machanapalli,Ward,1,SC(W) SWARUPA MADUGULA,Elected
Jammikunta,Machanapalli,Ward,2,SC(G) PARLAPALLI VIJAY KUMAR,Elected
Jammikunta,Machanapalli,Ward,3,ST(G) KURRA BABU,Elected
Jammikunta,Machanapalli,Ward,4,SC(W) PARLAPALLI SREELATA,Elected
Jammikunta,Machanapalli,Ward,5,UR(W) Lalita Oruganti,Elected
Jammikunta,Machanapalli,Ward,6,BC(G) VELPULA SRIKANTH,Elected
Jammikunta,Machanapalli,Ward,7,BC(W) RAMA BANDARI,Elected
Jammikunta,Machanapalli,Ward,8,BC(G) Eraveni Mahesh,Elected
Jammikunta,Machanapalli,Ward,9,BC(G) ERLA KUMAR,Elected
Jammikunta,Machanapalli,Ward,10,BC(W) VELPULA LAXMI,Elected
Jammikunta,Machanapalli,Ward,11,BC(G) SADAIAH MUSKE,Elected
Jammikunta,Machanapalli,Ward,12,UR(W) M DI AFIJA,Elected
Jammikunta,Madipalli,Ward,1,SC(W) MYKAMALLA SAGARIKA,Elected
Jammikunta,Madipalli,Ward,2,SC(W) GANGARAPU MAMATHA,Elected
Jammikunta,Madipalli,Ward,3,SC(G) Myakmalla Venkatesh,Elected
Jammikunta,Madipalli,Ward,4,SC(G) JANAPATLA RANJITHKUMAR,Elected
Jammikunta,Madipalli,Ward,5,BC(G) POSHINI SATHYANARAYANA,Elected
Jammikunta,Madipalli,Ward,6,BC(G) RAJENDAR BANDI,Elected
Jammikunta,Madipalli,Ward,7,UR(G) RAAMIDI MALLAREDDY,Unanimous
Jammikunta,Madipalli,Ward,8,BC(G) KUMARA SWAMY AGGETI,Elected
Jammikunta,Madipalli,Ward,9,BC(W) SWARUPA APPALA,Elected
Jammikunta,Madipalli,Ward,10,BC(W) NeyRella Ramadaevi,Elected
Jammikunta,Madipalli,Ward,11,BC(W) CHINNABOINA LAXMI,Elected
Jammikunta,Madipalli,Ward,12,BC(W) THORNE SRAVANTHI,Elected
Jammikunta,Naagaram,Ward,1,BC(W) SHRIMATI SHREEPATI,Elected
Jammikunta,Naagaram,Ward,2,BC(G) KATUKAM PRADEEP,Elected
Jammikunta,Naagaram,Ward,3,UR(W) BAGHYALAKSHMI BASANI,Elected
Jammikunta,Naagaram,Ward,4,UR(W) PENCHALA MANJULA,Unanimous
Jammikunta,Naagaram,Ward,5,BC(G) RAJU SHREEPATI,Elected
Jammikunta,Naagaram,Ward,6,SC(G) Sadaiah Karru,Elected
Jammikunta,Nagampet,Ward,1,BC(W) VANNE BHAVANI,Elected
Jammikunta,Nagampet,Ward,2,BC(G) CHERALU MYAKA,Elected
Jammikunta,Nagampet,Ward,3,BC(W) SOMALLA SWAPNA,Elected
Jammikunta,Nagampet,Ward,4,BC(G) Ashok Panjala,Elected
Jammikunta,Nagampet,Ward,5,BC(G) MIRYALA MALLAIAH,Elected
Jammikunta,Nagampet,Ward,6,SC(G) Baabu Kappala,Elected
Jammikunta,Nagampet,Ward,7,SC(W) KAPPALA LAKSHMI,Elected
Jammikunta,Nagampet,Ward,8,SC(W) SAMMAMMA RACHAPALLI,Elected
Jammikunta,Naguram,Ward,1,SC(W) KAVVAMPALLI MAMATHA,Elected
Jammikunta,Naguram,Ward,2,SC(G) KAVVAMPALLI ANJANEYULU,Elected
Jammikunta,Naguram,Ward,3,SC(W) CHERUKU SWAPNA RANI,Elected
Jammikunta,Naguram,Ward,4,UR(W) GORUKANTI BHAGYAMMA,Elected
Jammikunta,Naguram,Ward,5,UR(W) PADITHELA SUSMITHA,Elected
Jammikunta,Naguram,Ward,6,UR(W) POLSANI VENKAT RAO,Unanimous
Jammikunta,Naguram,Ward,7,UR(G) Polsani Raghu Rao,Unanimous
Jammikunta,Naguram,Ward,8,BC(G) AAKULA RAJANIKANT,Elected
Jammikunta,Papaiahapalli,Ward,1,SC(W) Meesala Shankar,Elected
Jammikunta,Papaiahapalli,Ward,2,SC(W) AAREPELLI SWARUPA,Elected
Jammikunta,Papaiahapalli,Ward,3,BC(W) GUNDEKAARI SAROJANA,Elected
Jammikunta,Papaiahapalli,Ward,4,BC(W) VAJJAPELLY KAVITHA,Elected
Jammikunta,Papaiahapalli,Ward,5,BC(G) GANDEKARI RAMULU,Elected
Jammikunta,Papaiahapalli,Ward,6,BC(G) TORNE SANJIVA RAO,Elected
Jammikunta,Papaiahapalli,Ward,7,UR(G) SURAM RAVINDER,Unanimous
Jammikunta,Papaiahapalli,Ward,8,SC(W) SHANIGARAPU SRAVANTHI,Unanimous
Jammikunta,Papakkapalli,Ward,1,BC(W) VATTEPALLI RAJAMANI,Elected
Jammikunta,Papakkapalli,Ward,2,BC(W) GAJANVENI RAMA,Unanimous
Jammikunta,Papakkapalli,Ward,3,BC(W) PANJA Sravanthi,Elected
Jammikunta,Papakkapalli,Ward,4,SC(W) SAMMAIAH KONDRA,Elected
Jammikunta,Papakkapalli,Ward,5,BC(W) MADIJODI SRAVANTHI,Elected
Jammikunta,Papakkapalli,Ward,6,BC(G) MERUGU SRINIVAS,Elected
Jammikunta,Papakkapalli,Ward,7,BC(G) GODUGU SADAIAH,Unanimous
Jammikunta,Papakkapalli,Ward,8,SC(G) RAJESHAM LINGALA,Elected
Jammikunta,Peddampalli,Ward,1,BC(W) SUGNA MARAPELLI,Elected
Jammikunta,Peddampalli,Ward,2,BC(W) DODDE KIRAN KUMAR,Elected
Jammikunta,Peddampalli,Ward,3,UR(G) SRINIVASAREDDY GUDURI,Unanimous
Jammikunta,Peddampalli,Ward,4,UR(G) Adla Akhila,Unanimous
Jammikunta,Peddampalli,Ward,5,UR(W) PANDLA THIRUMALA,Unanimous
Jammikunta,Peddampalli,Ward,6,BC(W) Srinivas Veergoni,Unanimous
Jammikunta,Peddampalli,Ward,7,SC(W) MARAPELLI RAJAMANI,Elected
Jammikunta,Peddampalli,Ward,8,SC(G) MARAPALLI RAJESH,Elected
Jammikunta,Saidabad,Ward,1,SC(W) RACHAMALLA SAROJA,Elected
Jammikunta,Saidabad,Ward,2,BC(W) SHAGARLA MANISHA,Unanimous
Jammikunta,Saidabad,Ward,3,BC(W) Shagarla Rajita,Elected
Jammikunta,Saidabad,Ward,4,BC(G) JAGABAI KANIKE,Elected
Jammikunta,Saidabad,Ward,5,BC(G) Raajaiah Mushka,Elected
Jammikunta,Saidabad,Ward,6,BC(W) Chinanala Santha,Elected
Jammikunta,Saidabad,Ward,7,BC(G) Karatlapelli Srinivas,Elected
Jammikunta,Saidabad,Ward,8,BC(G) RAMAGONI ARAVINDH,Elected
Jammikunta,Saidabad,Ward,9,SC(G) THALLA MANOHAR,Elected
Jammikunta,Saidabad,Ward,10,SC(G) Saliganti Satish,Elected
Jammikunta,Shambunipalli,Ward,1,BC(G) MediPelli Sampathi,Unanimous
Jammikunta,Shambunipalli,Ward,2,BC(G) KOLE RAMESH,Unanimous
Jammikunta,Shambunipalli,Ward,3,SC(W) KOTTURI RAJITA,Unanimous
Jammikunta,Shambunipalli,Ward,4,ST(G) JUPAKA ASHOK,Unanimous
Jammikunta,Shambunipalli,Ward,5,BC(W) puppala Anusha,Unanimous
Jammikunta,Shambunipalli,Ward,6,BC(G) Pendli Chinna Komurelli,Unanimous
Jammikunta,Shambunipalli,Ward,7,UR(W) KAVYA RUDRAVARAM,Unanimous
Jammikunta,Shambunipalli,Ward,8,UR(W) Padma Bokkal,Unanimous
Jammikunta,Shayampet,Ward,1,UR(W) VASANTA POLSANI,Elected
Jammikunta,Shayampet,Ward,2,UR(G) RAVINDAR RAO LINGAMPALLE,Elected
Jammikunta,Shayampet,Ward,3,UR(W) MADIKONDA BHARGAVI,Unanimous
Jammikunta,Shayampet,Ward,4,SC(W) ROUTHU UDAYASREE,Unanimous
Jammikunta,Shayampet,Ward,5,SC(G) SUNKARI RAMESH,Elected
Jammikunta,Shayampet,Ward,6,BC(G) SADAIAH IRBOYINA,Elected
Jammikunta,Shayampet,Ward,7,SC(W) RACHAPALLY SWARUPA,Elected
Jammikunta,Shayampet,Ward,8,BC(W) RACHAPALLE SUNITHA,Elected
Jammikunta,Thanugula,Ward,1,BC(W) Jakke sharada,Elected
Jammikunta,Thanugula,Ward,2,BC(W) GADE PRIYANKA,Elected
Jammikunta,Thanugula,Ward,3,BC(G) PRATAP JAKKE,Elected
Jammikunta,Thanugula,Ward,4,BC(G) ABDUL NABI,Unanimous
Jammikunta,Thanugula,Ward,5,BC(G) Mahmad Ahmad Pasha,Elected
Jammikunta,Thanugula,Ward,6,BC(W) PAIDIPELLI SRILATHA,Elected
Jammikunta,Thanugula,Ward,7,SC(G) VASALA RAMESH,Elected
Jammikunta,Thanugula,Ward,8,SC(W) JAIDA SUSMITHA,Elected
Jammikunta,Thanugula,Ward,9,SC(W) KASARLA VANDANA,Elected
Jammikunta,Thanugula,Ward,10,SC(G) VANTADUPULA SRINIVAS,Elected
Jammikunta,Vavilala,Ward,1,ST(W) DARA PARMILA,Elected
Jammikunta,Vavilala,Ward,2,UR(G) ALLAM SWAMY,Elected
Jammikunta,Vavilala,Ward,3,BC(W) MEDIPALLI PADMA,Elected
Jammikunta,Vavilala,Ward,4,UR(G) Chepuri Rajanikar,Elected
Jammikunta,Vavilala,Ward,5,UR(G) PURA KONDAL RAO,Elected
Jammikunta,Vavilala,Ward,6,BC(G) BODDUPALLI SATHISH,Elected
Jammikunta,Vavilala,Ward,7,BC(W) MEDIPELLI SAROJANA,Elected
Jammikunta,Vavilala,Ward,8,SC(G) DARA ANIL,Elected
Jammikunta,Vavilala,Ward,9,BC(G) MAMIDI RAVI,Elected
Jammikunta,Vavilala,Ward,10,UR(W) Ereddy Thirupathamma,Elected
Jammikunta,Vavilala,Ward,11,UR(W) Chepuri Anitha,Elected
Jammikunta,Vavilala,Ward,12,UR(W) KANKANALA SWARUPARANI,Elected
Jammikunta,Venkateshwarlapally,Ward,1,SC(W) Pulluri Bhagyamma,Elected
Jammikunta,Venkateshwarlapally,Ward,2,SC(W) LACCHAMMA BOINI,Elected
Jammikunta,Venkateshwarlapally,Ward,3,UR(W) GAIKODI SOWBHAGYA,Elected
Jammikunta,Venkateshwarlapally,Ward,4,UR(G) POLSANI SRINIVAS RAO,Elected
Jammikunta,Venkateshwarlapally,Ward,5,UR(W) SVARUPA RAMADUGU,Elected
Jammikunta,Venkateshwarlapally,Ward,6,UR(G) POTTALA MALLESHAM,Elected
Jammikunta,Venkateshwarlapally,Ward,7,SC(W) KONDU SARADA,Elected
Jammikunta,Venkateshwarlapally,Ward,8,SC(G) BANDARI RAJKUMAR,Elected
Jammikunta,Venkateshwarlapally,Ward,9,SC(G) MOTTAM LAXMI,Elected
Jammikunta,Venkateshwarlapally,Ward,10,SC(G) MADHUSUDHAN REKHANDAR,Elected
Jammikunta,Vilasagar,Ward,1,BC(G) SIRISETI SUDHA,Unanimous
Jammikunta,Vilasagar,Ward,2,BC(W) SUGUNA MUNJALA,Unanimous
Jammikunta,Vilasagar,Ward,3,BC(G) GariGanti Shreekant,Elected
Jammikunta,Vilasagar,Ward,4,SC(W) RACHAPALLI SWARUPA,Elected
Jammikunta,Vilasagar,Ward,5,BC(G) Elpula Kumar,Elected
Jammikunta,Vilasagar,Ward,6,BC(W) LAXMI POTHARAVENA,Elected
Jammikunta,Vilasagar,Ward,7,BC(G) Kukkala Ramesh,Elected
Jammikunta,Vilasagar,Ward,8,BC(G) Siriseti Ashok,Unanimous
Jammikunta,Vilasagar,Ward,9,UR(W) AITA ALIVENI,Unanimous
Jammikunta,Vilasagar,Ward,10,SC(G) RACHAPALLI VAMSHI KUMAR,Elected
Karimnagar_Rural,Irukulla,Ward,1,SC(W) BODDU RANI,Elected
Karimnagar_Rural,Irukulla,Ward,2,BC(W) Burra Renuka,Elected
Karimnagar_Rural,Irukulla,Ward,3,UR(G) KAREDLA VEERAREDDY,Elected
Karimnagar_Rural,Irukulla,Ward,4,BC(W) T SWAPNA,Elected
Karimnagar_Rural,Irukulla,Ward,5,BC(G) EAGURLA SHANKAR,Elected
Karimnagar_Rural,Irukulla,Ward,6,BC(G) M SHANKAR GOUD,Elected
Karimnagar_Rural,Irukulla,Ward,7,SC(W) BALUSULA LAXMI,Elected
Karimnagar_Rural,Irukulla,Ward,8,SC(G) KOTTURI SAMPATH,Elected
Manakondur,Annaram,Ward,1,SC(W) Enugula Rajeshwari,Elected
Manakondur,Annaram,Ward,2,SC(G) Pottala Srinivas,Elected
Manakondur,Annaram,Ward,3,SC(W) Ramagiri Lavanya,Elected
Manakondur,Annaram,Ward,4,SC(W) Puram Anitha,Elected
Manakondur,Annaram,Ward,5,BC(W) Chiliveru Rajamma,Elected
Manakondur,Annaram,Ward,6,BC(G) Potharla Laxmi,Elected
Manakondur,Annaram,Ward,7,BC(G) Rudroju Uma Chari,Elected
Manakondur,Annaram,Ward,8,UR(W) Mugula Bakkamma,Elected
Manakondur,Annaram,Ward,9,BC(G) Dadi Nagaraju,Elected
Manakondur,Annaram,Ward,10,BC(G) Sathish Dadi,Elected
Manakondur,Annaram,Ward,11,UR(G) Mugala Mahender Reddy,Elected
Manakondur,Annaram,Ward,12,BC(G) Nyalam Thirupathi,Elected
Manakondur,Chenjarla,Ward,1,UR(G) Adimulam Srinivas,Elected
Manakondur,Chenjarla,Ward,2,BC(W) Kaniganti Rajamma,Elected
Manakondur,Chenjarla,Ward,3,BC(W) Pappu Anusha,Elected
Manakondur,Chenjarla,Ward,4,BC(G) Basabathula Vivek,Elected
Manakondur,Chenjarla,Ward,5,BC(W) Solleti Lavanya,Elected
Manakondur,Chenjarla,Ward,6,BC(W) Duddela Latha,Elected
Manakondur,Chenjarla,Ward,7,SC(G) Thalla Kumaraswami,Elected
Manakondur,Chenjarla,Ward,8,SC(W) Gali Aruna,Elected
Manakondur,Chenjarla,Ward,9,BC(G) Mula Ramesh,Elected
Manakondur,Chenjarla,Ward,10,BC(G) Lakkarsu Ramesh,Elected
Manakondur,Chenjarla,Ward,11,BC(W) Kaniganti Sumalatha,Elected
Manakondur,Chenjarla,Ward,12,UR(G) Bolla Hariprasad,Elected
Manakondur,Devampalli,Ward,1,UR(W) Kanukuntla Srimathi,Elected
Manakondur,Devampalli,Ward,2,BC(G) Polaveni Sampath,Elected
Manakondur,Devampalli,Ward,3,BC(W) Kondaveni Padma,Elected
Manakondur,Devampalli,Ward,4,BC(W) Kalaveni Rajitha,Elected
Manakondur,Devampalli,Ward,5,BC(W) Polu Rama,Elected
Manakondur,Devampalli,Ward,6,BC(G) Prashanth Gunda,Elected
Manakondur,Devampalli,Ward,7,SC(G) Kanukuntla Praveen Kumar,Elected
Manakondur,Devampalli,Ward,8,SC(W) Mankali Harika,Unanimous
Manakondur,Devampalli,Ward,9,BC(W) Dadi Rajitha,Unanimous
Manakondur,Devampalli,Ward,10,BC(G) Bandaripelli Srinivas,Elected
Manakondur,Edulagattepalli,Ward,1,BC(G) Ammula Srinivas,Elected
Manakondur,Edulagattepalli,Ward,2,BC(G) Meesa Srinivas,Elected
Manakondur,Edulagattepalli,Ward,3,BC(W) Dasari Sulochana,Elected
Manakondur,Edulagattepalli,Ward,4,BC(W) Janga Vasantha,Elected
Manakondur,Edulagattepalli,Ward,5,BC(G) Sanga Praveen,Elected
Manakondur,Edulagattepalli,Ward,6,BC(G) Jillela Raju,Elected
Manakondur,Edulagattepalli,Ward,7,SC(W) Arelli Sharadha,Elected
Manakondur,Edulagattepalli,Ward,8,BC(G) Danaveni Komuraiah,Elected
Manakondur,Edulagattepalli,Ward,9,BC(W) Vanga Padma,Elected
Manakondur,Edulagattepalli,Ward,10,BC(W) Danaveni Balamma,Elected
Manakondur,Gangipalli,Ward,1,UR(W) Banda Lavanya,Elected
Manakondur,Gangipalli,Ward,2,BC(W) Nune Sujatha,Elected
Manakondur,Gangipalli,Ward,3,BC(W) Radarapu Sammaiah,Unanimous
Manakondur,Gangipalli,Ward,4,BC(G) Thallapelli Sampath,Unanimous
Manakondur,Gangipalli,Ward,5,BC(W) Panjala Renuka,Elected
Manakondur,Gangipalli,Ward,6,UR(G) Parupelli Padma,Elected
Manakondur,Gangipalli,Ward,7,BC(W) Aakula Rajitha,Elected
Manakondur,Gangipalli,Ward,8,BC(W) Dasaveni Ramya,Elected
Manakondur,Gangipalli,Ward,9,UR(G) Valla Pradeep Rao,Elected
Manakondur,Gangipalli,Ward,10,SC(W) Mulkala Kamala,Elected
Manakondur,Gangipalli,Ward,11,SC(G) Mulkala Yellaiah,Elected
Manakondur,Gangipalli,Ward,12,SC(G) Kanakam Rajaiah,Elected
Manakondur,Gangipalli,Ward,13,SC(W) Samudrama Swapna,Elected
Manakondur,Gangipalli,Ward,14,BC(W) Mula Kalavathi,Elected
Manakondur,Gattududdenapalli,Ward,1,BC(G) P Venkateshwar Rao,Elected
Manakondur,Gattududdenapalli,Ward,2,BC(W) Varukolu Swarupa,Elected
Manakondur,Gattududdenapalli,Ward,3,BC(W) Bomma Renuka,Elected
Manakondur,Gattududdenapalli,Ward,4,BC(G) Gonda Srikanth,Elected
Manakondur,Gattududdenapalli,Ward,5,BC(W) Gorlena Swaroopa,Elected
Manakondur,Gattududdenapalli,Ward,6,BC(G) Maddi Srikanth,Elected
Manakondur,Gattududdenapalli,Ward,7,BC(W) Nagapuri Laxmi,Elected
Manakondur,Gattududdenapalli,Ward,8,BC(G) Neerati Srinivas,Elected
Manakondur,Gattududdenapalli,Ward,9,SC(W) Molguri Vijaya,Elected
Manakondur,Gattududdenapalli,Ward,10,BC(G) Allepu Pochaiah,Elected
Manakondur,Jaggaiahpalli,Ward,1,BC(W) Velpula Komramma,Unanimous
Manakondur,Jaggaiahpalli,Ward,2,UR(W) Vyata Komalatha,Elected
Manakondur,Jaggaiahpalli,Ward,3,UR(W) Muskula samyuktha,Elected
Manakondur,Jaggaiahpalli,Ward,4,SC(G) Gajula Dharmender,Elected
Manakondur,Jaggaiahpalli,Ward,5,SC(W) Gunukula Sharada,Elected
Manakondur,Jaggaiahpalli,Ward,6,SC(G) Boorugu Komraiah,Elected
Manakondur,Jaggaiahpalli,Ward,7,UR(G) Vyata sampath Reddy,Elected
Manakondur,Jaggaiahpalli,Ward,8,BC(G) Avula Rajaiah,Elected
Manakondur,Kadargudem,Ward,1,SC(W) Jillala Sowjanya,Elected
Manakondur,Kadargudem,Ward,2,BC(G) Seetha Ravi,Elected
Manakondur,Kadargudem,Ward,3,UR(W) Saheeda Begum,Elected
Manakondur,Kadargudem,Ward,4,BC(G) Gali Remesh,Elected
Manakondur,Kadargudem,Ward,5,BC(G) Polaveni Rajesh,Unanimous
Manakondur,Kadargudem,Ward,6,BC(W) Gouda Bhgya Laxmi,Unanimous
Manakondur,Kadargudem,Ward,7,BC(W) Keesari BagyaLaxmi,Elected
Manakondur,Kadargudem,Ward,8,UR(G) Erra Ashok,Elected
Manakondur,Kelleda,Ward,1,BC(G) Arukonda Sampath,Elected
Manakondur,Kelleda,Ward,2,BC(W) Kolani Sharada,Elected
Manakondur,Kelleda,Ward,3,BC(G) Adepu Vijay,Elected
Manakondur,Kelleda,Ward,4,BC(W) MD Rukhiya,Elected
Manakondur,Kelleda,Ward,5,BC(G) Ravula Sataiah,Elected
Manakondur,Kelleda,Ward,6,SC(G) Mathangi Sammaiah,Elected
Manakondur,Kelleda,Ward,7,SC(W) Gaddam Rajitha,Elected
Manakondur,Kelleda,Ward,8,BC(W) Bairagoni Kalyani,Elected
Manakondur,Kelleda,Ward,9,BC(G) Kandula Rajamallu,Elected
Manakondur,Kelleda,Ward,10,BC(W) Ravula Mounika,Elected
Manakondur,Kondapalkala,Ward,1,BC(G) Dulam Thirupathi,Elected
Manakondur,Kondapalkala,Ward,2,BC(G) Sandineni Sudhakr,Elected
Manakondur,Kondapalkala,Ward,3,BC(W) Savindla Swarnalatha,Elected
Manakondur,Kondapalkala,Ward,4,SC(W) Kukka Pushpa,Elected
Manakondur,Kondapalkala,Ward,5,SC(W) Kondapalkala Saritha,Elected
Manakondur,Kondapalkala,Ward,6,UR(W) Nalla PAdma,Elected
Manakondur,Kondapalkala,Ward,7,BC(G) Ravula Shankarachary,Elected
Manakondur,Kondapalkala,Ward,8,BC(G) Odusula Sampath,Unanimous
Manakondur,Kondapalkala,Ward,9,BC(W) Gattu Sharadha,Elected
Manakondur,Kondapalkala,Ward,10,BC(W) Regula Vajramma,Elected
Manakondur,Kondapalkala,Ward,11,BC(W) Nagishetti Komuravva,Elected
Manakondur,Kondapalkala,Ward,12,BC(W) Pandi Sidhooja,Elected
Manakondur,Kondapalkala,Ward,13,UR(G) Shaik Hakeem,Elected
Manakondur,Kondapalkala,Ward,14,BC(G) Thota Rajamouli,Unanimous
Manakondur,Lalithapur,Ward,1,UR(W) Samakura Bhagyamma,Unanimous
Manakondur,Lalithapur,Ward,2,BC(W) Marri Srilatha,Unanimous
Manakondur,Lalithapur,Ward,3,BC(G) Marri Sagar,Unanimous
Manakondur,Lalithapur,Ward,4,UR(G) Velamareddy Sridhar Reddy,Unanimous
Manakondur,Lalithapur,Ward,5,SC(W) Elkapelli Padma,Unanimous
Manakondur,Lalithapur,Ward,6,BC(W) Polaveni Laxmi,Elected
Manakondur,Lalithapur,Ward,7,SC(G) Korukanti Raju,Elected
Manakondur,Lalithapur,Ward,8,UR(G) Velamareddy Satyanarayana,Elected
Manakondur,Laxmipur,Ward,1,BC(G) Kotte Sathish,Elected
Manakondur,Laxmipur,Ward,2,BC(W) Chukka Rajitha,Elected
Manakondur,Laxmipur,Ward,3,BC(W) Veerla Savitha,Elected
Manakondur,Laxmipur,Ward,4,SC(G) Rapaka Ashok,Elected
Manakondur,Laxmipur,Ward,5,SC(W) Rapaka Vanaja,Elected
Manakondur,Laxmipur,Ward,6,BC(W) Asari Vijaya,Elected
Manakondur,Laxmipur,Ward,7,BC(W) Uppu Padma,Elected
Manakondur,Laxmipur,Ward,8,UR(G) Manda Adireddy,Elected
Manakondur,Laxmipur,Ward,9,BC(W) Kalvala Rajamma,Elected
Manakondur,Laxmipur,Ward,10,BC(G) Gunti Shekar,Elected
Manakondur,Lingapur,Ward,1,BC(W) Madasu Rajitha,Elected
Manakondur,Lingapur,Ward,2,BC(W) Battu Veeresham,Elected
Manakondur,Lingapur,Ward,3,BC(W) Pittala Mamatha,Elected
Manakondur,Lingapur,Ward,4,BC(W) Adapa Jamuna,Elected
Manakondur,Lingapur,Ward,5,SC(G) Siricilla Parusharamulu,Elected
Manakondur,Lingapur,Ward,6,SC(W) Sheelam Swapna,Elected
Manakondur,Lingapur,Ward,7,UR(G) Polasani Jagadeeshwar Rao,Elected
Manakondur,Lingapur,Ward,8,BC(G) Thalla Sampath,Elected
Manakondur,Lingapur,Ward,9,BC(G) Dadi Ellaiah,Elected
Manakondur,Lingapur,Ward,10,BC(G) Dadi Anitha,Elected
Manakondur,Maddikunta,Ward,1,BC(G) Kukatla Raju,Elected
Manakondur,Maddikunta,Ward,2,BC(G) Bandi Parsharam,Elected
Manakondur,Maddikunta,Ward,3,BC(W) Malyala Vasantha,Unanimous
Manakondur,Maddikunta,Ward,4,BC(G) Burra Sridhar,Elected
Manakondur,Maddikunta,Ward,5,SC(W) Elkapelli Swapna,Elected
Manakondur,Maddikunta,Ward,6,BC(W) Chilla Neelama,Elected
Manakondur,Maddikunta,Ward,7,BC(W) Kekkeral Jyothi,Elected
Manakondur,Maddikunta,Ward,8,BC(G) Bandi Thirupathi,Elected
Manakondur,Manakondur,Ward,1,BC(W) Eddu Swapna,Elected
Manakondur,Manakondur,Ward,2,BC(W) Kommu Sunitha,Elected
Manakondur,Manakondur,Ward,3,BC(G) Nelli Murahari,Elected
Manakondur,Manakondur,Ward,4,SC(G) Boda Rajashekar,Elected
Manakondur,Manakondur,Ward,5,SC(W) Arepelli Anitha,Elected
Manakondur,Manakondur,Ward,6,SC(G) Karna Kanakaiah,Elected
Manakondur,Manakondur,Ward,7,SC(G) Dubbasi Avinash,Elected
Manakondur,Manakondur,Ward,8,BC(W) Madupu Pavithra,Elected
Manakondur,Manakondur,Ward,9,SC(W) Bollam Vijaya Laxmi,Elected
Manakondur,Manakondur,Ward,10,BC(G) Billaveni Ramesh,Elected
Manakondur,Manakondur,Ward,11,UR(W) Haleema Khajakhan,Elected
Manakondur,Manakondur,Ward,12,BC(G) Kothakonda Nagaiah,Elected
Manakondur,Manakondur,Ward,13,BC(W) Dandu Pushpalatha,Elected
Manakondur,Manakondur,Ward,14,BC(G) Gaddam Sampath,Elected
Manakondur,Munjampalli,Ward,1,UR(G) Kasam Chandrashekar Reddy,Elected
Manakondur,Munjampalli,Ward,2,BC(W) Elpugonda Latha,Elected
Manakondur,Munjampalli,Ward,3,BC(G) Dayyala Anil Kumar,Elected
Manakondur,Munjampalli,Ward,4,BC(G) Pittala Kumaraswami,Elected
Manakondur,Munjampalli,Ward,5,BC(G) Nagapuri Mallesham,Elected
Manakondur,Munjampalli,Ward,6,BC(W) Bathini Rama,Elected
Manakondur,Munjampalli,Ward,7,UR(W) Gajarla Radha,Elected
Manakondur,Munjampalli,Ward,8,UR(G) Goguri Dhamoder Reddy,Elected
Manakondur,Munjampalli,Ward,9,BC(W) Pilli Srilatha,Elected
Manakondur,Munjampalli,Ward,10,BC(W) Dandugula Devi,Elected
Manakondur,Nijayithigudem,Ward,1,BC(W) Ragula Rama,Elected
Manakondur,Nijayithigudem,Ward,2,BC(W) Sandesani Amala,Elected
Manakondur,Nijayithigudem,Ward,3,UR(W) Shamnthula Mounika,Elected
Manakondur,Nijayithigudem,Ward,4,BC(G) Dongala Sridhar,Elected
Manakondur,Nijayithigudem,Ward,5,BC(G) Panasa Sampath,Elected
Manakondur,Nijayithigudem,Ward,6,BC(G) Dongala Madhu,Elected
Manakondur,Nijayithigudem,Ward,7,BC(G) Uradi Komuraiah,Elected
Manakondur,Nijayithigudem,Ward,8,BC(W) Gaddi Swaroopa,Elected
Manakondur,Pachunoor,Ward,1,BC(W) Komalla Mamatha,Elected
Manakondur,Pachunoor,Ward,2,UR(G) Venukumar Dasari,Elected
Manakondur,Pachunoor,Ward,3,BC(G) Byka Srikanth,Elected
Manakondur,Pachunoor,Ward,4,BC(W) Muthunoori Padma,Elected
Manakondur,Pachunoor,Ward,5,BC(W) Pittala Jamuna,Elected
Manakondur,Pachunoor,Ward,6,BC(W) Poosala Srivani,Elected
Manakondur,Pachunoor,Ward,7,BC(G) Chilagani Anjaneyulu,Elected
Manakondur,Pachunoor,Ward,8,BC(G) Kurakula Poshalu,Elected
Manakondur,Pachunoor,Ward,9,SC(G) Nelaveni Sadaiah,Elected
Manakondur,Pachunoor,Ward,10,SC(W) Dasaram Priyanka,Elected
Manakondur,Pachunoor,Ward,11,SC(W) Kalvala Krishnaveni,Elected
Manakondur,Pachunoor,Ward,12,ST(W) Janthu Anjali,Elected
Manakondur,Peddurupalli,Ward,1,BC(G) Lyagala Thirupathi,Elected
Manakondur,Peddurupalli,Ward,2,BC(W) Potharla Padma,Elected
Manakondur,Peddurupalli,Ward,3,BC(G) Ramesh Gangineni,Elected
Manakondur,Peddurupalli,Ward,4,BC(W) Are Saravva,Unanimous
Manakondur,Peddurupalli,Ward,5,BC(W) Sherla Padma,Elected
Manakondur,Peddurupalli,Ward,6,BC(W) Thangalapalli Mounika,Elected
Manakondur,Pochampalli,Ward,1,UR(W) Gopu Lavanya,Unanimous
Manakondur,Pochampalli,Ward,2,UR(G) Gopu Karunakar Reddy,Unanimous
Manakondur,Pochampalli,Ward,3,BC(W) Pilli Jamuna,Unanimous
Manakondur,Pochampalli,Ward,4,BC(G) Polam Ilaiah,Unanimous
Manakondur,Pochampalli,Ward,5,BC(W) Putta Bhagya,Unanimous
Manakondur,Pochampalli,Ward,6,UR(G) Gopu Surender Reddy,Unanimous
Manakondur,Pochampalli,Ward,7,BC(G) Gattu Sammaiah,Unanimous
Manakondur,Pochampalli,Ward,8,BC(W) Idimalla Ashwini,Unanimous
Manakondur,Rangapeta,Ward,1,UR(G) Raamireddy Sampath Reddy,Elected
Manakondur,Rangapeta,Ward,2,BC(G) Velpula Srinivas,Elected
Manakondur,Rangapeta,Ward,3,BC(W) Kodari Laxmi,Elected
Manakondur,Rangapeta,Ward,4,UR(W) Mudiganti Manjula,Elected
Manakondur,Rangapeta,Ward,5,BC(W) Gudala Renuka,Elected
Manakondur,Rangapeta,Ward,6,UR(G) Koth Sathyanarayana Reddy,Elected
Manakondur,Rangapeta,Ward,7,BC(G) Nagula Anjaiah,Elected
Manakondur,Rangapeta,Ward,8,SC(W) Rudram Puja,Elected
Manakondur,Rangapeta,Ward,9,BC(W) Gopu Ravali,Elected
Manakondur,Rangapeta,Ward,10,UR(G) Cheraku Mallareddy,Elected
Manakondur,Shamshabad,Ward,1,BC(G) Bakarapu Kumara Swamy,Elected
Manakondur,Shamshabad,Ward,2,BC(G) Dolla Ailaiah,Unanimous
Manakondur,Shamshabad,Ward,3,BC(W) Merugu Ailamma,Unanimous
Manakondur,Shamshabad,Ward,4,BC(G) Shaik Ramja,Unanimous
Manakondur,Shamshabad,Ward,5,BC(G) Gaddi Srikanth,Elected
Manakondur,Shamshabad,Ward,6,SC(W) Koyyeda Neelamma,Elected
Manakondur,Shamshabad,Ward,7,SC(G) Koyyeda Rajaiah,Elected
Manakondur,Shamshabad,Ward,8,BC(W) Uppara Laxmi,Elected
Manakondur,Srinivasnagar,Ward,1,BC(W) Bashaveni Neelima,Elected
Manakondur,Srinivasnagar,Ward,2,BC(G) Bethi Rajaiah,Elected
Manakondur,Srinivasnagar,Ward,3,SC(W) Ammigalla Saritha,Elected
Manakondur,Srinivasnagar,Ward,4,BC(W) Eraveni Swapna,Elected
Manakondur,Srinivasnagar,Ward,5,BC(G) Anaveni Kumar,Elected
Manakondur,Srinivasnagar,Ward,6,BC(W) Anaveni Rajyalaxmi,Elected
Manakondur,Srinivasnagar,Ward,7,BC(G) Mende Mahesh,Elected
Manakondur,Srinivasnagar,Ward,8,UR(W) Orsu Manga,Elected
Manakondur,Utoor,Ward,1,UR(G) Remidi Srinivas Reddy,Unanimous
Manakondur,Utoor,Ward,2,BC(G) Elabotharam Srinivas,Elected
Manakondur,Utoor,Ward,3,BC(W) Kumari Mula,Elected
Manakondur,Utoor,Ward,4,UR(G) Morepally Buchi Reddy,Unanimous
Manakondur,Utoor,Ward,5,BC(W) Kanukuntla Sruthi,Elected
Manakondur,Utoor,Ward,6,BC(G) Sirishetti Rajender,Elected
Manakondur,Utoor,Ward,7,BC(W) Morri Sunitha,Elected
Manakondur,Utoor,Ward,8,BC(G) Kandula Srinivas,Elected
Manakondur,Utoor,Ward,9,BC(W) E Swarupa,Elected
Manakondur,Utoor,Ward,10,SC(G) Mallesham Nakka,Elected
Manakondur,Utoor,Ward,11,SC(W) Kanukunla Bharathamma,Elected
Manakondur,Utoor,Ward,12,SC(W) Bollam Rajeshwari,Elected
Manakondur,Vannaram,Ward,1,UR(G) Samba Parvathaalu,Unanimous
Manakondur,Vannaram,Ward,2,UR(W) J Sangeetha,Unanimous
Manakondur,Vannaram,Ward,3,SC(W) N Anasurya,Unanimous
Manakondur,Vannaram,Ward,4,BC(G) B Thirupathi,Elected
Manakondur,Vannaram,Ward,5,UR(G) Buddula Thirupathi,Elected
Manakondur,Vannaram,Ward,6,UR(W) Madhavi Poladi,Unanimous
Manakondur,Vannaram,Ward,7,SC(G) Thallapelli Rajamma,Unanimous
Manakondur,Vannaram,Ward,8,BC(W) P Vasantha,Unanimous
Manakondur,Vegurupalli,Ward,1,BC(G) Cheripalli Anjali,Elected
Manakondur,Vegurupalli,Ward,2,BC(W) Perumandla Bhagyalaxmi,Elected
Manakondur,Vegurupalli,Ward,3,UR(W) Aluguvelli Rajeshwari,Elected
Manakondur,Vegurupalli,Ward,4,SC(W) Kanukuntla Renuka,Elected
Manakondur,Vegurupalli,Ward,5,UR(G) Aluvala Janardhan Reddy,Elected
Manakondur,Vegurupalli,Ward,6,SC(G) Thappeta Ranjith Kumar,Elected
Manakondur,Vegurupalli,Ward,7,SC(W) Rapaka Shankaramma,Elected
Manakondur,Vegurupalli,Ward,8,BC(G) Pochampally Ravinder,Elected
Manakondur,Vegurupalli,Ward,9,BC(G) Elagandula Srinvas,Elected
Manakondur,Vegurupalli,Ward,10,UR(G) Mandala Malla Reddy,Unanimous
Manakondur,Veldi,Ward,1,BC(W) Nagunoori Indira,Elected
Manakondur,Veldi,Ward,2,BC(G) Bapu rao Nanumala,Elected
Manakondur,Veldi,Ward,3,BC(G) Veldi Gangaram,Elected
Manakondur,Veldi,Ward,4,BC(W) Penchala Rama,Elected
Manakondur,Veldi,Ward,5,BC(G) Nanuvala Ravinder,Elected
Manakondur,Veldi,Ward,6,SC(W) Chinthal Hemalatha,Elected
Manakondur,Veldi,Ward,7,SC(W) Gadamalla Padma,Elected
Manakondur,Veldi,Ward,8,SC(G) Rudravaram Komuraiah,Elected
Manakondur,Veldi,Ward,9,SC(W) Edla Suguna,Elected
Manakondur,Veldi,Ward,10,SC(G) Ravinder Thagarapu,Elected
Ramadugu,Chippakurthi,Ward,1,BC(G) BURRA RAJESHAM,Elected
Ramadugu,Chippakurthi,Ward,2,BC(W) GONEPELLY KALPANA,Elected
Ramadugu,Chippakurthi,Ward,3,SC(W) DASARI LAXMI,Unanimous
Ramadugu,Chippakurthi,Ward,4,SC(W) MUPPIDI BHUMAMMA,Unanimous
Ramadugu,Chippakurthi,Ward,5,SC(G) JUTTU LACHAIAH,Unanimous
Ramadugu,Chippakurthi,Ward,6,SC(W) MUPPIDI LATHA,Elected
Ramadugu,Chippakurthi,Ward,7,BC(G) BURRA RAJAGOUD,Elected
Ramadugu,Chippakurthi,Ward,8,BC(W) GONEPELLI KAVITHA,Elected
Ramadugu,Dathojipet,Ward,1,BC(G) VEMULA LINGAIAH,Elected
Ramadugu,Dathojipet,Ward,2,SC(W) BADUGU PADMA,Unanimous
Ramadugu,Dathojipet,Ward,3,BC(W) BEENVENi MONDAMMA,Elected
Ramadugu,Dathojipet,Ward,4,BC(G) YEDAVALLI RAVINDAR,Unanimous
Ramadugu,Dathojipet,Ward,5,UR(W) MUDIGANTI KAVITHA,Elected
Ramadugu,Dathojipet,Ward,6,UR(G) GANTLA PRASHANT REDDY,Elected
Ramadugu,Dathojipet,Ward,7,UR(W) CHENURI VINEETHA,Elected
Ramadugu,Dathojipet,Ward,8,BC(G) YEDVELLI THIRUPATHI,Unanimous
Ramadugu,Deshrajpalle,Ward,1,UR(W) PONNAM HARITHA,Elected
Ramadugu,Deshrajpalle,Ward,2,SC(G) DOBBALA ELLESH KUMAR,Elected
Ramadugu,Deshrajpalle,Ward,3,SC(W) LINGAMPALLI PRAMEELA,Elected
Ramadugu,Deshrajpalle,Ward,4,SC(W) KANKANALA POCHAMMA,Elected
Ramadugu,Deshrajpalle,Ward,5,UR(G) MADUGULA RATHNAKAR,Elected
Ramadugu,Deshrajpalle,Ward,6,BC(W) VEMULA LAXMI,Elected
Ramadugu,Deshrajpalle,Ward,7,UR(G) EDAMA VENKATA RAMANA REDDY,Elected
Ramadugu,Deshrajpalle,Ward,8,BC(W) ODNALA GEETHA,Elected
Ramadugu,Deshrajpalle,Ward,9,BC(G) JATHARAGONDA AILAIAH,Elected
Ramadugu,Deshrajpalle,Ward,10,UR(G) NAGAMMA ACHOLLA,Elected
Ramadugu,Deshrajpalle,Ward,11,BC(G) GANDLA THIRUPATHI,Elected
Ramadugu,Deshrajpalle,Ward,12,BC(G) OUDARI ANJANEYULU,Elected
Ramadugu,Goliramaiahpalli,Ward,1,UR(W) KOLIPAKA MANJULA,Unanimous
Ramadugu,Goliramaiahpalli,Ward,2,UR(G) AKARAPU VENKAT REDDY,Elected
Ramadugu,Goliramaiahpalli,Ward,3,BC(G) GONTI PRATAP,Unanimous
Ramadugu,Goliramaiahpalli,Ward,4,UR(G) VELPULA ARUN KUMAR,Elected
Ramadugu,Goliramaiahpalli,Ward,5,UR(W) NERELLA BAGYALAKSHMI,Elected
Ramadugu,Goliramaiahpalli,Ward,6,BC(W) MERGU SWAPNA,Elected
Ramadugu,Goliramaiahpalli,Ward,7,BC(W) NUNUGONDA ANJALI,Unanimous
Ramadugu,Goliramaiahpalli,Ward,8,BC(G) NUNUGONDA KANAKAIAH,Unanimous
Ramadugu,Gopalraopet,Ward,1,BC(G) MOHMMAD ZUBEDA BEGUM,Unanimous
Ramadugu,Gopalraopet,Ward,2,SC(G) PURANAM RAMESH,Elected
Ramadugu,Gopalraopet,Ward,3,BC(W) NERELLA KAVITHA,Elected
Ramadugu,Gopalraopet,Ward,4,UR(G) EDAVELLI MADHUSUDHAN,Unanimous
Ramadugu,Gopalraopet,Ward,5,SC(W) TEKU CHANDANA,Elected
Ramadugu,Gopalraopet,Ward,6,SC(G) SEEPELLI VENKATESH,Elected
Ramadugu,Gopalraopet,Ward,7,UR(W) PONNAM PUSHPALATHA,Elected
Ramadugu,Gopalraopet,Ward,8,BC(W) P KAVITHA,Elected
Ramadugu,Gopalraopet,Ward,9,BC(G) AGOLAPU HARISH,Elected
Ramadugu,Gopalraopet,Ward,10,BC(G) N THIRUPTHI,Elected
Ramadugu,Gopalraopet,Ward,11,BC(G) CHUKKA MALLESHAM,Unanimous
Ramadugu,Gopalraopet,Ward,12,BC(W) THALLAPELLI KALYANI,Elected
Ramadugu,Gopalraopet,Ward,13,BC(G) ALUVALA SHANKAR,Elected
Ramadugu,Gopalraopet,Ward,14,SC(W) DASARI SHYAMALA,Elected
Ramadugu,Gundi,Ward,1,BC(W) SILIVERI RISHITHA,Elected
Ramadugu,Gundi,Ward,2,BC(G) MEDI MAHESH,Elected
Ramadugu,Gundi,Ward,3,BC(G) MEDI SRINIVAS,Elected
Ramadugu,Gundi,Ward,4,SC(G) GUMMADI NARSINGAM,Elected
Ramadugu,Gundi,Ward,5,SC(W) PARUNANDI ANJAMMA,Elected
Ramadugu,Gundi,Ward,6,UR(G) MAHMAD RIAZ,Elected
Ramadugu,Gundi,Ward,7,BC(W) MADDI RENUKA,Elected
Ramadugu,Gundi,Ward,8,BC(G) UTKAM RAJAMALLIAIAH,Unanimous
Ramadugu,Gundi,Ward,9,BC(W) BANDARI KAVITHA,Elected
Ramadugu,Gundi,Ward,10,ST(W) MANUPATI PADMA,Unanimous
Ramadugu,Kistapur,Ward,1,BC(G) JANGILI ADI REDDY,Elected
Ramadugu,Kistapur,Ward,2,BC(G) KONDA ASHOK,Elected
Ramadugu,Kistapur,Ward,3,BC(W) MANGARAPU ANUSHA,Elected
Ramadugu,Kistapur,Ward,4,SC(G) VELPULA RAAJ LINGAIAH,Unanimous
Ramadugu,Kistapur,Ward,5,BC(G) VELPULA ELLAMMA,Elected
Ramadugu,Kistapur,Ward,6,BC(G) JANGILI ANJANEYULU,Unanimous
Ramadugu,Kistapur,Ward,7,BC(W) Shailaja,Unanimous
Ramadugu,Kistapur,Ward,8,SC(W) Rajitha,Unanimous
Ramadugu,Kokkerakunta,Ward,1,SC(W) Jadi Sharadha,Elected
Ramadugu,Kokkerakunta,Ward,2,BC(W) UTKURI SARADA,Unanimous
Ramadugu,Kokkerakunta,Ward,3,BC(G) BATTINI CHUKKAIAH,Elected
Ramadugu,Kokkerakunta,Ward,4,BC(G) RAPOLU ANJAIAH,Unanimous
Ramadugu,Kokkerakunta,Ward,5,BC(W) NAGAM JAYAMALA,Unanimous
Ramadugu,Kokkerakunta,Ward,6,SC(W) JERIPOTULA SHRAVANI,Elected
Ramadugu,Kokkerakunta,Ward,7,SC(W) JERIPOTULA LATHA,Elected
Ramadugu,Kokkerakunta,Ward,8,UR(G) MD TAJUDIN KHAN,Elected
Ramadugu,Kokkerakunta,Ward,9,BC(G) BATHINI ANIL KUMAR,Elected
Ramadugu,Kokkerakunta,Ward,10,SC(G) KUMBHALA RAJESHAM,Elected
Ramadugu,Koratpalli,Ward,1,SC(W) DASARI MANEMMA,Elected
Ramadugu,Koratpalli,Ward,2,SC(G) MEKALA PRASHANTH,Elected
Ramadugu,Koratpalli,Ward,3,SC(W) MYAKALA LAKSHMI,Elected
Ramadugu,Koratpalli,Ward,4,UR(G) ADAVELLY SRIKANTH,Elected
Ramadugu,Koratpalli,Ward,5,BC(G) ERAVENI RAJU,Elected
Ramadugu,Koratpalli,Ward,6,UR(G) GADE MADHUKAR,Elected
Ramadugu,Koratpalli,Ward,7,BC(W) DURUSETTY PADMA,Unanimous
Ramadugu,Koratpalli,Ward,8,UR(W) JUPAKA PREMALA,Unanimous
Ramadugu,Laxmipur,Ward,1,BC(G) THOTA NAGARAJU,Elected
Ramadugu,Laxmipur,Ward,2,UR(G) MIRIYALA MANJULA,Elected
Ramadugu,Laxmipur,Ward,3,UR(G) MUCHHANTALA Narendar Reddy,Elected
Ramadugu,Laxmipur,Ward,4,SC(G) DUTA NAGARAJU,Elected
Ramadugu,Laxmipur,Ward,5,SC(G) DOOTA SATHISH,Elected
Ramadugu,Laxmipur,Ward,6,SC(W) JADI KANAKAMMA,Elected
Ramadugu,Laxmipur,Ward,7,BC(W) PANTAGNI MANJULA,Elected
Ramadugu,Laxmipur,Ward,8,SC(W) CHILUMULA SANDHYA,Elected
Ramadugu,Laxmipur,Ward,9,SC(G) MIRIYALA THIRUPATHI,Elected
Ramadugu,Laxmipur,Ward,10,SC(W) NATARI THIRUMALA,Elected
Ramadugu,Mothe,Ward,1,SC(G) THANDRA MAHANDER,Elected
Ramadugu,Mothe,Ward,2,BC(W) BATTINI PADMA,Elected
Ramadugu,Mothe,Ward,3,BC(G) BANADARI PRAVEEN KUMAR,Elected
Ramadugu,Mothe,Ward,4,BC(W) NERELLA SHARADA,Elected
Ramadugu,Mothe,Ward,5,SC(G) TANDRA BHUEMESHWAR,Elected
Ramadugu,Mothe,Ward,6,SC(W) KALLEPELLI SWAPNA,Elected
Ramadugu,Mothe,Ward,7,SC(W) AVUPODAM PADMA,Elected
Ramadugu,Mothe,Ward,8,BC(G) SUDUGONI MAHENDAR,Elected
Ramadugu,Pandikuntapalli,Ward,1,BC(G) MOGILIPALEM SWAPNA,Unanimous
Ramadugu,Pandikuntapalli,Ward,2,BC(G) PURAMSETTI CHANDRAMOULI,Unanimous
Ramadugu,Pandikuntapalli,Ward,3,BC(W) SATTALA VIJAYA,Unanimous
Ramadugu,Pandikuntapalli,Ward,4,BC(G) MOGULLA ELLAIAH,Unanimous
Ramadugu,Pandikuntapalli,Ward,5,BC(G) DAYYALA VEERAIAH,Unanimous
Ramadugu,Pandikuntapalli,Ward,6,BC(W) MOGULLA LATHA,Unanimous
Ramadugu,Pandikuntapalli,Ward,7,BC(G) MADLAPELLI SRINVAS,Unanimous
Ramadugu,Pandikuntapalli,Ward,8,BC(W) CHIMMALA LALITHA,Unanimous
Ramadugu,Ramadugu,Ward,1,BC(W) PENDOTA SATHYAMMA,Elected
Ramadugu,Ramadugu,Ward,2,BC(G) VADLURI RAJU,Elected
Ramadugu,Ramadugu,Ward,3,BC(G) Samudrala Srinivas,Elected
Ramadugu,Ramadugu,Ward,4,BC(G) MYADARAM SANJIV,Elected
Ramadugu,Ramadugu,Ward,5,BC(G) MAHAMMAD MOIZ,Unanimous
Ramadugu,Ramadugu,Ward,6,BC(G) NEELAM RAVI,Unanimous
Ramadugu,Ramadugu,Ward,7,BC(W) MD SABERA BEGAM,Elected
Ramadugu,Ramadugu,Ward,8,BC(W) Mamidi Kanakalakshmi,Elected
Ramadugu,Ramadugu,Ward,9,BC(G) OGGARI RAJU,Elected
Ramadugu,Ramadugu,Ward,10,BC(W) UTTEM ELLAMMA,Elected
Ramadugu,Ramadugu,Ward,11,BC(W) MAMIDI LATHA,Elected
Ramadugu,Ramadugu,Ward,12,BC(W) Shubhadra Chevutu,Elected
Ramadugu,Ramadugu,Ward,13,SC(W) JETTIPALLY RENUKA,Elected
Ramadugu,Ramadugu,Ward,14,SC(G) KANTHAIAH JAVVAJI,Elected
Ramadugu,Ramchandrapoor,Ward,1,BC(G) GADDAM MALLESHAM,Elected
Ramadugu,Ramchandrapoor,Ward,2,BC(G) GUNTI RAJU,Unanimous
Ramadugu,Ramchandrapoor,Ward,3,BC(G) RAILLA MADHU,Elected
Ramadugu,Ramchandrapoor,Ward,4,BC(W) PONNALA ANJAMMA,Elected
Ramadugu,Ramchandrapoor,Ward,5,BC(W) ADEPU SWAPNA,Elected
Ramadugu,Ramchandrapoor,Ward,6,UR(G) KATAM NARSIMHA REDDY,Elected
Ramadugu,Ramchandrapoor,Ward,7,SC(W) KOLAPURI MANEMMA,Unanimous
Ramadugu,Ramchandrapoor,Ward,8,SC(W) LANKA PADMA,Elected
Ramadugu,Rangasaipalli,Ward,1,BC(G) YAMA KALICHARAN,Elected
Ramadugu,Rangasaipalli,Ward,2,BC(W) THONTI ANITHA,Unanimous
Ramadugu,Rangasaipalli,Ward,3,BC(G) GUDLA SHEKAR,Unanimous
Ramadugu,Rangasaipalli,Ward,4,UR(W) CHILUKA MANJULA,Unanimous
Ramadugu,Rangasaipalli,Ward,5,SC(W) BADUGU VEERAMMA,Elected
Ramadugu,Rangasaipalli,Ward,6,UR(G) CHILUMULA MAHENDAR,Elected
Ramadugu,Rangasaipalli,Ward,7,BC(W) GUDLA MALLIKA,Elected
Ramadugu,Rangasaipalli,Ward,8,BC(G) MANDALA VENKATESHAM,Unanimous
Ramadugu,Rudraram,Ward,1,BC(G) RANGU GOPAL,Elected
Ramadugu,Rudraram,Ward,2,SC(W) ANNEMALLA HANUMAMMA,Elected
Ramadugu,Rudraram,Ward,3,SC(G) Chilumula Rajesham,Elected
Ramadugu,Rudraram,Ward,4,BC(G) KATTA BRAHMACHARI,Unanimous
Ramadugu,Rudraram,Ward,5,BC(W) Malyala Radha,Unanimous
Ramadugu,Rudraram,Ward,6,BC(G) YAMA MAHESH,Elected
Ramadugu,Rudraram,Ward,7,BC(G) GURRAM SURESH,Elected
Ramadugu,Rudraram,Ward,8,SC(W) CHULUMULA KAMALA,Elected
Ramadugu,Rudraram,Ward,9,BC(W) ANUPURAM LAVANYA,Elected
Ramadugu,Rudraram,Ward,10,BC(W) BANDARI RAMA,Elected
Ramadugu,Shanagar,Ward,1,BC(G) MINUKALA THIRUPATHI,Unanimous
Ramadugu,Shanagar,Ward,2,BC(G) BETHI LACHAIAH,Elected
Ramadugu,Shanagar,Ward,3,BC(W) PENTI PADMA,Elected
Ramadugu,Shanagar,Ward,4,BC(W) Padma Edla,Elected
Ramadugu,Shanagar,Ward,5,BC(G) Ellaiah Chiruta,Elected
Ramadugu,Shanagar,Ward,6,BC(W) MADISHETTI REKHA,Elected
Ramadugu,Shanagar,Ward,7,SC(G) GUNUKONDA VENKATA NARSAIAH,Elected
Ramadugu,Shanagar,Ward,8,SC(W) PARLAPELL LAVANYA,Elected
Ramadugu,Sriramulapalli,Ward,1,UR(W) KARIADA SUGUNAMMA,Unanimous
Ramadugu,Sriramulapalli,Ward,2,UR(G) Kosna Mahipal Areddy,Unanimous
Ramadugu,Sriramulapalli,Ward,3,SC(W) Santi Rajita,Unanimous
Ramadugu,Sriramulapalli,Ward,4,SC(G) Hanmaiah,Unanimous
Ramadugu,Sriramulapalli,Ward,5,SC(W) Gadam Sugunamma,Unanimous
Ramadugu,Sriramulapalli,Ward,6,SC(W) BHUTHKURI MALLAMMA,Unanimous
Ramadugu,Sriramulapalli,Ward,7,BC(W) MANGA,Elected
Ramadugu,Sriramulapalli,Ward,8,BC(G) MANDA ILAIAH,Unanimous
Ramadugu,Thirmalapoor,Ward,1,BC(W) PADAM MALLAMMA,Elected
Ramadugu,Thirmalapoor,Ward,2,BC(G) BURRA RAJAMALLAIAH,Elected
Ramadugu,Thirmalapoor,Ward,3,SC(W) Thadagonda Nadhiya,Elected
Ramadugu,Thirmalapoor,Ward,4,BC(G) BYARI ANJAYYA,Elected
Ramadugu,Thirmalapoor,Ward,5,BC(G) Makkapelli Mallesham,Elected
Ramadugu,Thirmalapoor,Ward,6,SC(G) TADAGONDA THREENATH VARAMA,Elected
Ramadugu,Thirmalapoor,Ward,7,ST(W) Panyala Ramya,Elected
Ramadugu,Thirmalapoor,Ward,8,BC(G) KATAKAM SRINIVAS,Unanimous
Ramadugu,Thirmalapoor,Ward,9,BC(W) KARUPAKALA UMA,Elected
Ramadugu,Thirmalapoor,Ward,10,BC(W) MANNE LATHA,Elected
Ramadugu,Vannaram,Ward,1,BC(W) BOORLA LATHA,Unanimous
Ramadugu,Vannaram,Ward,2,SC(W) JADI SHARADA,Unanimous
Ramadugu,Vannaram,Ward,3,BC(G) ARKALA NAGENDAR,Elected
Ramadugu,Vannaram,Ward,4,SC(G) Jadi Anjaiah,Elected
Ramadugu,Vannaram,Ward,5,SC(W) GAJJELA ASHOK,Elected
Ramadugu,Vannaram,Ward,6,SC(W) DARSHANALA ROJA,Unanimous
Ramadugu,Vannaram,Ward,7,BC(G) NALLELLA MAHESH,Elected
Ramadugu,Vannaram,Ward,8,BC(W) VEMUNDLA PUSHPALATHA,Elected
Ramadugu,Vannaram,Ward,9,BC(W) RUDRAVENI SWAPNA,Elected
Ramadugu,Vannaram,Ward,10,BC(G) KATCHU LINGAIAH,Elected
Ramadugu,Vedira,Ward,1,BC(G) MALLARPU BHOOMA GOUDU,Elected
Ramadugu,Vedira,Ward,2,SC(G) BHOMAIAH SHANIGRAPU,Elected
Ramadugu,Vedira,Ward,3,SC(W) KUMMARI SANDHYA,Elected
Ramadugu,Vedira,Ward,4,UR(W) PURMANI PADMA,Elected
Ramadugu,Vedira,Ward,5,BC(G) SIDDI LAXMAN,Elected
Ramadugu,Vedira,Ward,6,UR(G) VEMULWADA AMARENDAR REDDY,Elected
Ramadugu,Vedira,Ward,7,BC(G) BOLLI RAMESH,Elected
Ramadugu,Vedira,Ward,8,UR(W) THORIKONDA DEVAMMA,Elected
Ramadugu,Vedira,Ward,9,UR(G) EEDAVELLI SATYANARAYANA REDDY,Elected
Ramadugu,Vedira,Ward,10,UR(W) MALYALA SUNITHA,Elected
Ramadugu,Vedira,Ward,11,SC(W) KODIMUNJA SHOBA,Elected
Ramadugu,Vedira,Ward,12,BC(W) VILASAGARPU LATHA,Elected
Ramadugu,Velichala,Ward,1,BC(G) MEESA VENKATESHAM,Elected
Ramadugu,Velichala,Ward,2,BC(G) VANGA VENKATARAMANA,Elected
Ramadugu,Velichala,Ward,3,BC(W) Peddi Devandra,Elected
Ramadugu,Velichala,Ward,4,BC(W) MEDI CHELMALA RADHA,Elected
Ramadugu,Velichala,Ward,5,SC(G) KADE PRABHAKAR,Elected
Ramadugu,Velichala,Ward,6,SC(W) KALLEPALLI PRAVALLIKA,Elected
Ramadugu,Velichala,Ward,7,SC(G) BANDAPELLI SRIKRISHNA,Elected
Ramadugu,Velichala,Ward,8,BC(G) CHIMMALA RAJITHA,Elected
Ramadugu,Velichala,Ward,9,BC(W) UPPU CHILUKAMMA,Elected
Ramadugu,Velichala,Ward,10,BC(G) POODHARI VENKATESH,Elected
Ramadugu,Velichala,Ward,11,BC(W) UPPU KALA,Elected
Ramadugu,Velichala,Ward,12,BC(G) BATTURI MAHIPAL,Elected
Ramadugu,Venkataraopally,Ward,1,SC(W) PEDDELLI SUDHA,Elected
Ramadugu,Venkataraopally,Ward,2,UR(G) MOHMMAD LAL,Elected
Ramadugu,Venkataraopally,Ward,3,BC(W) MRKONDA RAMA,Elected
Ramadugu,Venkataraopally,Ward,4,BC(G) VEDIRA SHURESH,Elected
Ramadugu,Venkataraopally,Ward,5,UR(G) MARKONDA NARSIMHAREDDY,Elected
Ramadugu,Venkataraopally,Ward,6,SC(W) CHOPPADANDI JYOTHI,Elected
Ramadugu,Venkataraopally,Ward,7,UR(W) ENJALA ANITHA,Elected
Ramadugu,Venkataraopally,Ward,8,SC(W) JAVVAJI RAJKUMAR,Elected
Ramadugu,Venkataraopally,Ward,9,UR(W) BANDARI PADMA,Elected
Ramadugu,Venkataraopally,Ward,10,SC(G) JERIPOTULA SANKARAIAH,Elected
Veenavanka,Bethigal,Ward,1,SC(W) AMBALA KAVITHA,Elected
Veenavanka,Bethigal,Ward,2,UR(W) VEERAMNENI SHOBARANI,Elected
Veenavanka,Bethigal,Ward,3,BC(W) siliveri poola,Elected
Veenavanka,Bethigal,Ward,4,UR(G) G RAJESHWAR RAO,Elected
Veenavanka,Bethigal,Ward,5,SC(W) SRIRAM SULOCHANA,Elected
Veenavanka,Bethigal,Ward,6,UR(G) CHOPPARI THIRUPATHI,Elected
Veenavanka,Bethigal,Ward,7,UR(G) KOKKIRALA KIRAN RAO,Elected
Veenavanka,Bethigal,Ward,8,BC(G) KAMBALA PARASHURAMULU,Elected
Veenavanka,Bethigal,Ward,9,BC(W) BURRA MOUNIKA,Elected
Veenavanka,Bethigal,Ward,10,SC(G) AMBALA SANTHOSH,Elected
Veenavanka,Bonthupally,Ward,1,BC(W) GURRALA RAJITHA,Elected
Veenavanka,Bonthupally,Ward,2,BC(W) BOLLU VARALAXMI,Elected
Veenavanka,Bonthupally,Ward,3,SC(W) KORUKANTI POSAMMA,Elected
Veenavanka,Bonthupally,Ward,4,SC(G) MAHANKALI SRINIVAS,Elected
Veenavanka,Bonthupally,Ward,5,BC(G) POLU KARTHIK KUMAR,Elected
Veenavanka,Bonthupally,Ward,6,BC(W) POLU LAVANYA,Unanimous
Veenavanka,Bonthupally,Ward,7,UR(G) GURRALA PRABAKAR,Elected
Veenavanka,Bonthupally,Ward,8,BC(G) BAVU SAMPATH,Elected
Veenavanka,Bramhanapally,Ward,1,UR(G) MUDIKA LALITHA,Elected
Veenavanka,Bramhanapally,Ward,2,BC(G) AMMULA SHANKER,Unanimous
Veenavanka,Bramhanapally,Ward,3,UR(G) EDELLI BHUMIREDDY,Elected
Veenavanka,Bramhanapally,Ward,4,BC(W) MANDALA KOMALA,Elected
Veenavanka,Bramhanapally,Ward,5,UR(G) SHARATH KUMAR REDDY,Elected
Veenavanka,Bramhanapally,Ward,6,SC(W) GAJULA MADHUNAMMA,Elected
Veenavanka,Bramhanapally,Ward,7,SC(W) GAJULA ANITHA,Elected
Veenavanka,Bramhanapally,Ward,8,SC(G) GAJULA RAJU,Elected
Veenavanka,Challur,Ward,1,BC(G) BONGONI SADHANANDHAM,Elected
Veenavanka,Challur,Ward,2,BC(G) GGARVANDHULA KIRAN,Elected
Veenavanka,Challur,Ward,3,SC(W) AVUNURI NOVA LOHA ROHITHA,Elected
Veenavanka,Challur,Ward,4,UR(W) AFSHA TABASSUM,Elected
Veenavanka,Challur,Ward,5,UR(G) RAMIDI SAMPATH REDDY,Elected
Veenavanka,Challur,Ward,6,BC(W) JAKKULA MEENA,Elected
Veenavanka,Challur,Ward,7,BC(G) GANJI RAJU,Unanimous
Veenavanka,Challur,Ward,8,BC(W) GANJI RAJAMANI,Unanimous
Veenavanka,Challur,Ward,9,SC(G) ELKAPELLI NAVEEN,Elected
Veenavanka,Challur,Ward,10,BC(W) VEMULA SUJATHA,Elected
Veenavanka,Challur,Ward,11,BC(W) NEDHURU THIRUMALA,Elected
Veenavanka,Challur,Ward,12,SC(G) DANDI THIRUPATHI,Elected
Veenavanka,Deshaipalli,Ward,1,UR(G) Chintalpuri Ravindar Areddy,Elected
Veenavanka,Deshaipalli,Ward,2,BC(W) PUDARI VASANTHA,Elected
Veenavanka,Deshaipalli,Ward,3,UR(G) NALLA THIRUPATHI REDDY,Elected
Veenavanka,Deshaipalli,Ward,4,SC(W) RAJITHA KAMPELLI,Elected
Veenavanka,Deshaipalli,Ward,5,SC(G) KAVVAMPELLI SRINIVAS,Elected
Veenavanka,Deshaipalli,Ward,6,UR(W) MUSIPATLA LAXMI,Elected
Veenavanka,Deshaipalli,Ward,7,UR(W) PAKALA RAJITHA,Elected
Veenavanka,Deshaipalli,Ward,8,BC(G) PURAMSHETTI KAMALAKAR,Elected
Veenavanka,Elabaka,Ward,1,UR(G) KALLEPU NARENDER REDDY,Elected
Veenavanka,Elabaka,Ward,2,UR(W) PEDDIREDDY LATHA,Elected
Veenavanka,Elabaka,Ward,3,BC(W) BONGONI RAMA,Elected
Veenavanka,Elabaka,Ward,4,BC(G) THEDLA SATHISH,Unanimous
Veenavanka,Elabaka,Ward,5,BC(W) ELAVENI RAJITHA,Unanimous
Veenavanka,Elabaka,Ward,6,BC(G) ADEPU RAJU,Elected
Veenavanka,Elabaka,Ward,7,BC(G) EDDU RAMESH,Elected
Veenavanka,Elabaka,Ward,8,UR(W) PILLI THIRUMALA,Elected
Veenavanka,Elabaka,Ward,9,SC(W) VELPULA SUJANA,Elected
Veenavanka,Elabaka,Ward,10,SC(G) VUTLA DEVAIAH,Unanimous
Veenavanka,Gangaram,Ward,1,UR(G) BAIREDDY SAIREDDY,Elected
Veenavanka,Gangaram,Ward,2,UR(W) GUDEPU PADMA,Elected
Veenavanka,Gangaram,Ward,3,UR(W) POLU RAJITHA,Elected
Veenavanka,Gangaram,Ward,4,BC(W) JAKKULA PAVANI,Elected
Veenavanka,Gangaram,Ward,5,BC(W) KARRE MAMATHA,Elected
Veenavanka,Gangaram,Ward,6,BC(G) MADIKONDA SAMPATH,Elected
Veenavanka,Gangaram,Ward,7,SC(W) KANAKAM Shyaamala,Elected
Veenavanka,Gangaram,Ward,8,SC(G) POLLURI SAMPATH,Elected
Veenavanka,Gangaram,Ward,9,UR(G) NARAHARI NAGENDAR REDDY,Elected
Veenavanka,Gangaram,Ward,10,UR(G) TANUKU SANDEEP KUMAR,Elected
Veenavanka,Ghanmukla,Ward,1,SC(G) SUKASI LAVAIAH,Elected
Veenavanka,Ghanmukla,Ward,2,UR(W) KANTHALA RAJITHA,Elected
Veenavanka,Ghanmukla,Ward,3,BC(W) MD SHAHEDA,Elected
Veenavanka,Ghanmukla,Ward,4,BC(G) THATICHERLA KOMURAIAH,Elected
Veenavanka,Ghanmukla,Ward,5,BC(G) KANAVENA RAJUKUMAR,Elected
Veenavanka,Ghanmukla,Ward,6,BC(W) KANAVENA PADMA,Elected
Veenavanka,Ghanmukla,Ward,7,UR(G) Sammaiah Nandikonda,Elected
Veenavanka,Ghanmukla,Ward,8,BC(W) BONGONI RENUKA DEVI,Elected
Veenavanka,Ghanmukla,Ward,9,BC(G) VEENAVANKA MALLAIAH,Elected
Veenavanka,Ghanmukla,Ward,10,SC(W) GAJULA VIJAYA,Elected
Veenavanka,Himmathnagar,Ward,1,UR(G) KARNAKANTI BHASKAR,Elected
Veenavanka,Himmathnagar,Ward,2,BC(G) GELLU RAMESH,Unanimous
Veenavanka,Himmathnagar,Ward,3,UR(W) MARAM RADHAMMA,Elected
Veenavanka,Himmathnagar,Ward,4,BC(W) MYAKA SWAPNA,Unanimous
Veenavanka,Himmathnagar,Ward,5,UR(W) NALLA PADMA,Unanimous
Veenavanka,Himmathnagar,Ward,6,BC(W) MYAKA LAXMI,Unanimous
Veenavanka,Himmathnagar,Ward,7,BC(G) DASARI VEERANNA,Elected
Veenavanka,Himmathnagar,Ward,8,UR(G) LAKOTA RAJAVEERU,Elected
Veenavanka,Ippalapally,Ward,1,BC(W) VELPULA SRILATHA,Elected
Veenavanka,Ippalapally,Ward,2,BC(W) VELPULA NAGARANI,Elected
Veenavanka,Ippalapally,Ward,3,UR(W) MUDHUGANTI SWAPNA,Elected
Veenavanka,Ippalapally,Ward,4,UR(G) GOPU THIRUPATHI REDDY,Elected
Veenavanka,Ippalapally,Ward,5,BC(W) GATTU KOUSALYA,Elected
Veenavanka,Ippalapally,Ward,6,BC(G) CHUKKA SINDHU,Elected
Veenavanka,Ippalapally,Ward,7,SC(W) EDEDLA PRAVALIKA,Elected
Veenavanka,Ippalapally,Ward,8,SC(W) KOYYADA LAXMI,Elected
Veenavanka,Kanaparthi,Ward,1,BC(W) BANGARI SANDHYA,Elected
Veenavanka,Kanaparthi,Ward,2,UR(G) ALLAPU DEVENDER REDDY,Elected
Veenavanka,Kanaparthi,Ward,3,BC(G) Thadigoppula Ashok,Unanimous
Veenavanka,Kanaparthi,Ward,4,SC(W) ELKAPELLI NIRMALA,Elected
Veenavanka,Kanaparthi,Ward,5,SC(G) EERELLI RAMESH,Elected
Veenavanka,Kanaparthi,Ward,6,UR(G) BANGARI SARAIAH,Elected
Veenavanka,Kanaparthi,Ward,7,SC(G) KARNE THIRUPATHI,Elected
Veenavanka,Kanaparthi,Ward,8,SC(W) PULI SRAVANTHI,Elected
Veenavanka,Kanaparthi,Ward,9,UR(W) KANTHALA LAVANYA,Elected
Veenavanka,Kanaparthi,Ward,10,UR(W) PANJALA PUSHPA,Elected
Veenavanka,Kistampet,Ward,1,BC(G) ARGONDA LASMAIAH,Elected
Veenavanka,Kistampet,Ward,2,BC(W) ALLAM ANUSHA,Elected
Veenavanka,Kistampet,Ward,3,BC(G) APPALA SHANKAR,Elected
Veenavanka,Kistampet,Ward,4,UR(G) PINREDDY GOPALREDDY,Elected
Veenavanka,Kistampet,Ward,5,BC(W) BANDARI ARUNA,Elected
Veenavanka,Kistampet,Ward,6,BC(W) VAVINEELA PAVANI,Elected
Veenavanka,Kistampet,Ward,7,UR(G) ALLAM MALLAIAH,Elected
Veenavanka,Kistampet,Ward,8,SC(W) KALLEPALLI NIRMALA,Elected
Veenavanka,Kondapaka,Ward,1,BC(W) GATTU RAMA,Elected
Veenavanka,Kondapaka,Ward,2,UR(W) ADEPU JOTHY,Elected
Veenavanka,Kondapaka,Ward,3,SC(G) EDHUNOORI SAMPATH,Elected
Veenavanka,Kondapaka,Ward,4,SC(W) ELKAPELLY SUNITHA,Elected
Veenavanka,Kondapaka,Ward,5,SC(G) EEDUNURI KUMARASWAMY,Elected
Veenavanka,Kondapaka,Ward,6,SC(W) DEKONDA SARITHA,Elected
Veenavanka,Kondapaka,Ward,7,SC(G) GODA RAJAKUMAR,Elected
Veenavanka,Kondapaka,Ward,8,UR(G) RAMAGUNDAM RAJAKUMAR,Elected
Veenavanka,Kondapaka,Ward,9,BC(G) KASARL PADMA,Elected
Veenavanka,Kondapaka,Ward,10,BC(W) PEDDAPELLI NAGAMANI,Unanimous
Veenavanka,Korkal,Ward,1,UR(G) KARRA KUMAR REDDY,Elected
Veenavanka,Korkal,Ward,2,BC(W) KOLIPAKA RAJESWARI,Elected
Veenavanka,Korkal,Ward,3,BC(W) RAVANAVENI RAJITHA,Elected
Veenavanka,Korkal,Ward,4,BC(W) PUDARI GEETHA,Elected
Veenavanka,Korkal,Ward,5,BC(G) CHEERA RAMULU,Elected
Veenavanka,Korkal,Ward,6,BC(G) BUDIGE VEERAIAH,Elected
Veenavanka,Korkal,Ward,7,SC(W) ELKAPELLI SUMA,Elected
Veenavanka,Korkal,Ward,8,BC(G) NEDURI MOGILI,Elected
Veenavanka,Korkal,Ward,9,BC(G) MYAKALA KOMURAIAH,Elected
Veenavanka,Korkal,Ward,10,SC(W) MATHANGI BAGYALAXMI,Elected
Veenavanka,Lasmakkapally,Ward,1,BC(G) GELLU SRINIVAS,Elected
Veenavanka,Lasmakkapally,Ward,2,BC(W) MARRI RAMYA,Unanimous
Veenavanka,Lasmakkapally,Ward,3,UR(G) MANDADI KOMAL REDDY,Elected
Veenavanka,Lasmakkapally,Ward,4,UR(W) MAMATHA,Elected
Veenavanka,Lasmakkapally,Ward,5,UR(G) KALUVALA SHANKAR REDDY,Unanimous
Veenavanka,Lasmakkapally,Ward,6,SC(W) DASARAPU SRILATHA,Unanimous
Veenavanka,Lasmakkapally,Ward,7,SC(W) DASRAPU RAMYA,Elected
Veenavanka,Lasmakkapally,Ward,8,SC(G) DASARAPU MADUNAIAH,Unanimous
Veenavanka,Mallannapally,Ward,1,SC(W) GAJULA VASANTHA,Elected
Veenavanka,Mallannapally,Ward,2,BC(W) NAYINI SUNITHA,Elected
Veenavanka,Mallannapally,Ward,3,BC(G) MANDALA VEERAIAH,Elected
Veenavanka,Mallannapally,Ward,4,BC(W) POTHARAVENI SRILATHA,Elected
Veenavanka,Mallannapally,Ward,5,UR(G) RAVI MALLADI,Elected
Veenavanka,Mallannapally,Ward,6,UR(W) UMMENTHALA LATHA,Elected
Veenavanka,Mallannapally,Ward,7,UR(G) MALLADI SRINIVAS REDDY,Elected
Veenavanka,Mallannapally,Ward,8,UR(G) SAMMAIAH BASVENI,Elected
Veenavanka,Mallareddipally,Ward,1,SC(G) SHANGARAPU SRIKANTH,Elected
Veenavanka,Mallareddipally,Ward,2,BC(W) RAYANAVENI SARAMMA,Elected
Veenavanka,Mallareddipally,Ward,3,BC(W) RAYANAVENI SWAROOPA,Elected
Veenavanka,Mallareddipally,Ward,4,BC(W) BANDARI RAJITHA,Elected
Veenavanka,Mallareddipally,Ward,5,BC(G) DULAM SRINIVAS,Elected
Veenavanka,Mallareddipally,Ward,6,BC(G) MADDI RAVINDAR,Elected
Veenavanka,Mallareddipally,Ward,7,BC(G) MUDDASANI BIKSHAPATHI,Elected
Veenavanka,Mallareddipally,Ward,8,SC(W) GANDAM SHARADA,Unanimous
Veenavanka,Mallareddipally,Ward,9,BC(W) MUDDASANI SUNITHA,Elected
Veenavanka,Mallareddipally,Ward,10,UR(W) MANDATI RAGURAM REDDY,Elected
Veenavanka,Mamidalapally,Ward,1,UR(G) SATHYANARAYAN REDDY CHINTALA,Elected
Veenavanka,Mamidalapally,Ward,2,BC(W) BAIRABONI LALITHA,Elected
Veenavanka,Mamidalapally,Ward,3,BC(G) Neduru Raju,Elected
Veenavanka,Mamidalapally,Ward,4,BC(W) NARAYANADASU Swetha,Unanimous
Veenavanka,Mamidalapally,Ward,5,BC(G) BANALA CHENDHRASHEKAR,Elected
Veenavanka,Mamidalapally,Ward,6,BC(W) VIJAYA MADHIRE,Elected
Veenavanka,Mamidalapally,Ward,7,UR(W) MADA MANJULA,Elected
Veenavanka,Mamidalapally,Ward,8,BC(W) GOTTUMUKLA SUSHMITHA,Elected
Veenavanka,Mamidalapally,Ward,9,BC(G) NALABEEMA VENKATESHWARLU,Elected
Veenavanka,Mamidalapally,Ward,10,SC(G) GUNDETI NARSAIAH,Elected
Veenavanka,Mamidalapally,Ward,11,SC(G) MANTHENA SRINIVAS,Elected
Veenavanka,Mamidalapally,Ward,12,SC(W) DARIPELLI THIRUMALA,Elected
Veenavanka,Narsimhulapally,Ward,1,BC(W) Ambaragonda Thara,Unanimous
Veenavanka,Narsimhulapally,Ward,2,UR(G) Bobbala Rajireddy,Unanimous
Veenavanka,Narsimhulapally,Ward,3,BC(G) Lokati Rajanna,Unanimous
Veenavanka,Narsimhulapally,Ward,4,BC(W) Sanga Swarupa,Unanimous
Veenavanka,Narsimhulapally,Ward,5,BC(G) Gandam Raajaiah,Unanimous
Veenavanka,Narsimhulapally,Ward,6,BC(W) Gandam Parmila,Unanimous
Veenavanka,Narsimhulapally,Ward,7,SC(G) RACHAPalli Kumaraswami,Unanimous
Veenavanka,Narsimhulapally,Ward,8,SC(W) VANTHADUPULA SWAROOPA,Unanimous
Veenavanka,Pothireddipally,Ward,1,UR(W) CH RENUKA,Elected
Veenavanka,Pothireddipally,Ward,2,BC(W) DACHARAPU SWAPNA,Elected
Veenavanka,Pothireddipally,Ward,3,UR(G) THUDI MALLESH,Elected
Veenavanka,Pothireddipally,Ward,4,UR(G) THIPPANI AJAY KUMAR,Elected
Veenavanka,Pothireddipally,Ward,5,SC(G) DURGAM BHIKSHAPATHI,Elected
Veenavanka,Pothireddipally,Ward,6,SC(W) NANDIPATI ASHA,Elected
Veenavanka,Pothireddipally,Ward,7,UR(G) A SRINIVAS,Elected
Veenavanka,Pothireddipally,Ward,8,BC(G) RAPARTHY CHINTU,Elected
Veenavanka,Pothireddipally,Ward,9,UR(W) SRILATHA RAPARTHY,Elected
Veenavanka,Pothireddipally,Ward,10,BC(W) UDUTHA SWAROOPA,Elected
Veenavanka,Ramakrishnapur,Ward,1,UR(W) YARA RAJAMMA,Elected
Veenavanka,Ramakrishnapur,Ward,2,BC(W) YARA KOMALA,Elected
Veenavanka,Ramakrishnapur,Ward,3,BC(G) KUNDE HARISH,Elected
Veenavanka,Ramakrishnapur,Ward,4,BC(G) EJJU SRIDHAR,Elected
Veenavanka,Ramakrishnapur,Ward,5,BC(G) EJJU MAHENDER,Elected
Veenavanka,Ramakrishnapur,Ward,6,UR(W) NALLA SOUJANYA,Elected
Veenavanka,Ramakrishnapur,Ward,7,SC(G) DUDAPAKA RAJA KOMURAIAH,Elected
Veenavanka,Ramakrishnapur,Ward,8,SC(W) MITTAPALLI AMALA,Elected
Veenavanka,Reddipally,Ward,1,BC(G) Chintal Raajaiah,Elected
Veenavanka,Reddipally,Ward,2,UR(G) MADA RAVINDAR REDDY,Elected
Veenavanka,Reddipally,Ward,3,BC(G) GATTU KUMARASWAMY,Elected
Veenavanka,Reddipally,Ward,4,BC(W) CHINTHALA VIJYALAXMI,Elected
Veenavanka,Reddipally,Ward,5,SC(W) ODDEPALLI SARAMMA,Elected
Veenavanka,Reddipally,Ward,6,SC(G) AMBALA MADUNAIAH,Elected
Veenavanka,Reddipally,Ward,7,SC(W) Sukashi Saundaryamma,Elected
Veenavanka,Reddipally,Ward,8,BC(W) UGGI Mamatha,Elected
Veenavanka,Reddipally,Ward,9,BC(W) BODIPELLI LAVANYA,Elected
Veenavanka,Reddipally,Ward,10,UR(G) Vijendar Reddy,Elected
Veenavanka,Sriramulapeta,Ward,1,UR(G) BOBBALA RAJIREDDY,Unanimous
Veenavanka,Sriramulapeta,Ward,2,BC(W) ULLENGULA SUBHADRA,Elected
Veenavanka,Sriramulapeta,Ward,3,UR(G) BOBBALA DAMODHAREDDY,Elected
Veenavanka,Sriramulapeta,Ward,4,BC(G) JANGILI NANDAIAH,Elected
Veenavanka,Sriramulapeta,Ward,5,BC(W) KURIMINDLA MANJULA,Elected
Veenavanka,Sriramulapeta,Ward,6,UR(G) PINGILI KONDALREDDY,Unanimous
Veenavanka,Sriramulapeta,Ward,7,BC(W) MYADAGONI MANJULA,Unanimous
Veenavanka,Sriramulapeta,Ward,8,SC(W) AMBALA SWAROOPA,Unanimous
Veenavanka,Valbhapur,Ward,1,BC(W) Palleboina Kavitha,Unanimous
Veenavanka,Valbhapur,Ward,2,BC(W) Kasani Kavitha,Unanimous
Veenavanka,Valbhapur,Ward,3,BC(W) Udutha Rajitha,Unanimous
Veenavanka,Valbhapur,Ward,4,BC(G) Namani Vijender,Elected
Veenavanka,Valbhapur,Ward,5,BC(W) Ookanti Indira,Elected
Veenavanka,Valbhapur,Ward,6,BC(G) Chinnala Karthik,Unanimous
Veenavanka,Valbhapur,Ward,7,SC(G) Jeedi Anil,Elected
Veenavanka,Valbhapur,Ward,8,UR(W) Kamidi Vijaya,Elected
Veenavanka,Valbhapur,Ward,9,SC(G) Maramulla Kiran,Elected
Veenavanka,Valbhapur,Ward,10,SC(W) Maramulla Vanitha,Elected
Veenavanka,Veenavanka,Ward,1,BC(W) NEELA LAXMI,Elected
Veenavanka,Veenavanka,Ward,2,BC(G) Mahmad Sajupasha,Elected
Veenavanka,Veenavanka,Ward,3,UR(G) KASNAGOTTU VENKATARAMANA,Unanimous
Veenavanka,Veenavanka,Ward,4,SC(W) Vorem Sumathi,Unanimous
Veenavanka,Veenavanka,Ward,5,BC(G) GELLU KOMURAIAH,Elected
Veenavanka,Veenavanka,Ward,6,BC(W) GODUGU LAVANYA,Elected
Veenavanka,Veenavanka,Ward,7,BC(G) REDDY RAJULA BIKSHA PATHI,Elected
Veenavanka,Veenavanka,Ward,8,BC(W) RAYISHETTI SARITHA,Elected
Veenavanka,Veenavanka,Ward,9,BC(W) MOUTAM MAMATHA,Elected
Veenavanka,Veenavanka,Ward,10,BC(G) THALLAPELI MAHENDAR,Elected
Veenavanka,Veenavanka,Ward,11,SC(G) VOREM BHANUCHANDAR,Elected
Veenavanka,Veenavanka,Ward,12,SC(W) DASARAPU SRILATHA,Elected
V_Saidapur,Ammanagurthi,Ward,1,BC(W) MAHAMAD SALMA,Elected
V_Saidapur,Ammanagurthi,Ward,2,BC(G) PUDHARI BUCHAIAH,Unanimous
V_Saidapur,Ammanagurthi,Ward,3,UR(G) VEERAMALLA BASKAR REDDY,Elected
V_Saidapur,Ammanagurthi,Ward,4,UR(G) PALLENI SAGAR RAO,Unanimous
V_Saidapur,Ammanagurthi,Ward,5,UR(W) GONELA SHYLAJA,Elected
V_Saidapur,Ammanagurthi,Ward,6,UR(G) MUSHKE KUMARA SWAMY,Elected
V_Saidapur,Ammanagurthi,Ward,7,SC(W) KASHAPAKA VIJAYA,Elected
V_Saidapur,Ammanagurthi,Ward,8,SC(G) GAJJELA RAJENDARAPRASAD,Elected
V_Saidapur,Ammanagurthi,Ward,9,SC(W) LANKKADASARI SANDYA,Elected
V_Saidapur,Ammanagurthi,Ward,10,UR(W) KASHAVENI KOMURAMMA,Elected
